Date,Name,Start,End,Duration,Latitude,Longitude,Category,Link
9/15/17,"Place in Chelsea, New York",2017-09-15T13:17:28-04:00,2017-09-15T16:53:11-04:00,12943,40.742327,-74.004263,,
9/15/17,Place in BoCoCa,2017-09-15T17:09:51-04:00,2017-09-15T17:19:57-04:00,606,40.686236,-73.9907,,
9/15/17,"Place in Greenwood Heights, Brooklyn",2017-09-15T17:37:17-04:00,2017-09-16T00:00:00-04:00,22963,40.66419,-73.991622,,
9/16/17,"Place in Greenwood Heights, Brooklyn",2017-09-16T00:00:00-04:00,2017-09-16T14:34:16-04:00,52456,40.66419,-73.991622,,
9/16/17,"Place in North Slope, Brooklyn",2017-09-16T14:48:12-04:00,2017-09-16T16:01:20-04:00,4388,40.679997,-73.974895,,
9/16/17,Place in BoCoCa,2017-09-16T16:28:13-04:00,2017-09-16T18:04:07-04:00,5754,40.686769,-73.99377,,
9/16/17,"Place in Carroll Gardens, Brooklyn",2017-09-16T18:23:22-04:00,2017-09-16T20:54:14-04:00,9052,40.677342,-73.998118,,
9/16/17,"Place in Gowanus, Brooklyn",2017-09-16T21:03:04-04:00,2017-09-17T00:00:00-04:00,10616,40.673679,-73.99183,,
9/17/17,"Place in Gowanus, Brooklyn",2017-09-17T00:00:00-04:00,2017-09-17T00:13:27-04:00,807,40.673679,-73.99183,,
9/17/17,"Place in Greenwood Heights, Brooklyn",2017-09-17T00:14:27-04:00,2017-09-17T07:59:18-04:00,27891,40.66419,-73.991622,,
9/17/17,"Place in Greenwood Heights, Brooklyn",2017-09-17T09:52:55-04:00,2017-09-18T00:00:00-04:00,50825,40.663916,-73.991819,,
9/18/17,"Place in Greenwood Heights, Brooklyn",2017-09-18T00:00:00-04:00,2017-09-18T09:52:55-04:00,35575,40.663916,-73.991819,,
9/18/17,"Place in Little Italy, New York",2017-09-18T10:37:18-04:00,2017-09-18T11:09:14-04:00,1916,40.719776,-73.998395,,
9/18/17,"Place in Jackson Heights, New York",2017-09-18T11:35:17-04:00,2017-09-18T11:51:04-04:00,947,40.750067,-73.88842,,
9/18/17,"Place in Jackson Heights, New York",2017-09-18T12:00:03-04:00,2017-09-18T12:06:08-04:00,365,40.746717,-73.891359,,
9/18/17,"Place in SoHo, New York",2017-09-18T12:38:52-04:00,2017-09-18T16:05:06-04:00,12374,40.725592,-74.003882,,
9/18/17,"Place in Greenwood Heights, Brooklyn",2017-09-18T16:44:18-04:00,2017-09-19T00:00:00-04:00,26142,40.66419,-73.991622,,
9/19/17,"Place in Greenwood Heights, Brooklyn",2017-09-19T00:00:00-04:00,2017-09-19T05:56:32-04:00,21392,40.66419,-73.991622,,
9/19/17,Place in BoCoCa,2017-09-19T06:01:44-04:00,2017-09-19T06:57:15-04:00,3331,40.683955,-73.995004,,
9/19/17,"Place in Greenwood Heights, Brooklyn",2017-09-19T07:19:06-04:00,2017-09-19T08:51:18-04:00,5532,40.66419,-73.991622,,
9/19/17,"Place in Gowanus, Brooklyn",2017-09-19T08:57:01-04:00,2017-09-19T09:00:40-04:00,219,40.670062,-73.989069,,
9/19/17,"Place in Chelsea, New York",2017-09-19T09:30:42-04:00,2017-09-19T17:17:11-04:00,27989,40.742346,-74.005016,,
9/19/17,"Place in Meatpacking District, New York",2017-09-19T17:25:23-04:00,2017-09-19T20:45:00-04:00,11977,40.740643,-74.008403,,
9/19/17,"Place in South Slope, Brooklyn",2017-09-19T21:17:28-04:00,2017-09-20T00:00:00-04:00,9752,40.664461,-73.991579,,
9/20/17,"Place in South Slope, Brooklyn",2017-09-20T00:00:00-04:00,2017-09-20T08:49:04-04:00,31744,40.664461,-73.991579,,
9/20/17,"Place in Gowanus, Brooklyn",2017-09-20T08:57:41-04:00,2017-09-20T09:04:06-04:00,385,40.670495,-73.990245,,
9/20/17,"Place in Greenwich Village, New York",2017-09-20T09:38:12-04:00,2017-09-20T12:58:21-04:00,12009,40.729779,-73.995192,,
9/20/17,"Place in Greenwich Village, New York",2017-09-20T13:01:21-04:00,2017-09-20T13:25:56-04:00,1475,40.728918,-73.997989,,
9/20/17,"Place in Greenwich Village, New York",2017-09-20T13:29:30-04:00,2017-09-20T16:01:58-04:00,9148,40.729634,-73.99573,,
9/20/17,"Place in Greenwich Village, New York",2017-09-20T16:08:21-04:00,2017-09-20T22:23:52-04:00,22531,40.729285,-73.998456,,
9/20/17,"Place in Greenwood Heights, Brooklyn",2017-09-20T22:43:13-04:00,2017-09-21T00:00:00-04:00,4607,40.66419,-73.991622,,
9/21/17,"Place in Greenwood Heights, Brooklyn",2017-09-21T00:00:00-04:00,2017-09-21T05:45:09-04:00,20709,40.66419,-73.991622,,
9/21/17,"Place in Queens, New York",2017-09-21T06:05:31-04:00,2017-09-21T08:17:19-04:00,7908,40.771381,-73.865781,,
9/21/17,"Place in Chinatown, Boston",2017-09-21T08:36:25-04:00,2017-09-21T09:39:39-04:00,3794,42.351575,-71.062973,,
9/21/17,"Place in Massachusetts Institute of Technology, Cambridge",2017-09-21T10:01:19-04:00,2017-09-22T00:00:00-04:00,50321,42.360758,-71.086238,,
9/22/17,"Place in Massachusetts Institute of Technology, Cambridge",2017-09-22T00:00:00-04:00,2017-09-22T06:41:06-04:00,24066,42.360758,-71.086238,,
9/22/17,Place in Quincy,2017-09-22T06:54:20-04:00,2017-09-22T07:02:28-04:00,488,42.233313,-71.007008,,
9/22/17,"Place in Massachusetts Institute of Technology, Cambridge",2017-09-22T07:57:09-04:00,2017-09-22T13:56:26-04:00,21557,42.361194,-71.087552,,
9/22/17,Place in Weymouth,2017-09-22T16:25:45-04:00,2017-09-22T20:15:06-04:00,13761,42.215933,-70.930749,,
9/22/17,Place in Weymouth,2017-09-22T20:26:01-04:00,2017-09-22T20:36:44-04:00,643,42.215933,-70.930749,,
9/22/17,Place in Weymouth,2017-09-22T20:36:44-04:00,2017-09-23T00:00:00-04:00,12196,42.216691,-70.930073,,
9/23/17,Place in Weymouth,2017-09-23T00:00:00-04:00,2017-09-23T10:23:15-04:00,37395,42.216691,-70.930073,,
9/23/17,Place in East Weymouth,2017-09-23T10:39:55-04:00,2017-09-23T10:44:00-04:00,245,42.181013,-70.899962,,
9/23/17,Place in Norwell,2017-09-23T10:49:30-04:00,2017-09-23T13:14:33-04:00,8703,42.172716,-70.883521,,
9/24/17,"Place in Greenwood Heights, Brooklyn",2017-09-24T10:05:00-04:00,2017-09-25T00:00:00-04:00,50100,40.663916,-73.991819,,
9/25/17,"Place in Greenwood Heights, Brooklyn",2017-09-25T00:00:00-04:00,2017-09-25T08:21:54-04:00,30114,40.663916,-73.991819,,
9/26/17,"Place in Flatiron District, New York",2017-09-26T11:52:14-04:00,2017-09-26T15:38:30-04:00,13576,40.73814,-73.992942,,
9/26/17,"Place in Flatiron District, New York",2017-09-26T15:46:41-04:00,2017-09-26T15:52:06-04:00,325,40.73773,-73.996361,,
9/26/17,Place in New York,2017-09-26T17:57:57-04:00,2017-09-26T20:23:41-04:00,8744,40.67682,-74.019591,,
9/26/17,"Place in South Slope, Brooklyn",2017-09-26T20:35:23-04:00,2017-09-27T00:00:00-04:00,12277,40.664461,-73.991579,,
9/27/17,"Place in South Slope, Brooklyn",2017-09-27T00:00:00-04:00,2017-09-27T08:26:11-04:00,30371,40.664461,-73.991579,,
9/27/17,"Place in Flatiron, New York",2017-09-27T09:08:14-04:00,2017-09-27T09:15:10-04:00,416,40.736716,-73.990566,,
9/27/17,"Place in Flatiron District, New York",2017-09-27T09:19:32-04:00,2017-09-27T16:10:24-04:00,24652,40.738637,-73.993908,,
9/27/17,"Place in Carroll Gardens, Brooklyn",2017-09-27T17:03:05-04:00,2017-09-27T17:13:05-04:00,600,40.679239,-73.997312,,
9/27/17,Place in BoCoCa,2017-09-27T17:22:36-04:00,2017-09-27T18:35:44-04:00,4388,40.683955,-73.995004,,
9/27/17,"Place in Greenwood Heights, Brooklyn",2017-09-27T18:43:59-04:00,2017-09-28T00:00:00-04:00,18961,40.66419,-73.991622,,
9/28/17,"Place in Greenwood Heights, Brooklyn",2017-09-28T00:00:00-04:00,2017-09-28T08:32:49-04:00,30769,40.66419,-73.991622,,
9/28/17,"Place in Chelsea, New York",2017-09-28T09:13:23-04:00,2017-09-28T12:28:48-04:00,11725,40.742225,-74.00639,,
9/28/17,"Place in Chelsea, New York",2017-09-28T12:28:49-04:00,2017-09-28T12:55:01-04:00,1572,40.74185,-74.005492,,
9/28/17,Place in New York,2017-09-28T13:23:59-04:00,2017-09-28T13:58:12-04:00,2053,40.703147,-74.006439,,
9/28/17,Place in New York,2017-09-28T14:24:16-04:00,2017-09-28T15:33:28-04:00,4152,40.671699,-74.011391,,
9/29/17,"Place in North Slope, Brooklyn",2017-09-29T15:25:26-04:00,2017-09-29T16:33:10-04:00,4064,40.679094,-73.973945,,
9/30/17,"Place in Greenwood Heights, Brooklyn",2017-09-30T07:15:13-04:00,2017-09-30T09:09:34-04:00,6861,40.663916,-73.991819,,
9/30/17,"Place in North Slope, Brooklyn",2017-09-30T09:27:06-04:00,2017-09-30T10:45:06-04:00,4680,40.679763,-73.974569,,
9/30/17,"Place in Flatiron District, New York",2017-09-30T13:41:34-04:00,2017-09-30T15:32:47-04:00,6673,40.738715,-73.994717,,
9/30/17,"Place in Hell's Kitchen, New York",2017-09-30T16:13:03-04:00,2017-09-30T20:26:40-04:00,15217,40.757432,-74.003874,,
10/1/17,"Place in South Slope, Brooklyn",2017-10-01T06:45:46-04:00,2017-10-01T12:36:34-04:00,21048,40.664461,-73.991579,,
10/1/17,"Place in Greenwood Heights, Brooklyn",2017-10-01T12:51:10-04:00,2017-10-01T13:11:36-04:00,1226,40.665497,-73.99424,,
10/2/17,"Place in East Williamsburg, Brooklyn",2017-10-02T18:59:10-04:00,2017-10-02T20:38:23-04:00,5953,40.704384,-73.936941,,
10/2/17,"Place in Greenwood Heights, Brooklyn",2017-10-02T21:25:22-04:00,2017-10-03T00:00:00-04:00,9278,40.66419,-73.991622,,
10/3/17,"Place in Greenwood Heights, Brooklyn",2017-10-03T00:00:00-04:00,2017-10-03T08:19:27-04:00,29967,40.66419,-73.991622,,
10/3/17,"Place in Flatiron District, New York",2017-10-03T08:57:08-04:00,2017-10-03T14:49:54-04:00,21166,40.738456,-73.99436,,
10/3/17,"Place in Greenwich Village, New York",2017-10-03T14:58:25-04:00,2017-10-03T15:03:50-04:00,325,40.730524,-74.002074,,
10/3/17,"Place in SoHo, New York",2017-10-03T15:16:24-04:00,2017-10-03T16:54:49-04:00,5905,40.725592,-74.003882,,
10/3/17,"Place in South Slope, Brooklyn",2017-10-03T17:28:45-04:00,2017-10-04T00:00:00-04:00,23475,40.664461,-73.991579,,
10/4/17,"Place in South Slope, Brooklyn",2017-10-04T00:00:00-04:00,2017-10-04T05:44:53-04:00,20693,40.664461,-73.991579,,
10/4/17,"Place in SoHo, New York",2017-10-04T06:31:27-04:00,2017-10-04T08:41:37-04:00,7810,40.725592,-74.003882,,
10/4/17,"Place in Greenwich Village, New York",2017-10-04T08:51:37-04:00,2017-10-04T08:54:17-04:00,160,40.729016,-73.998392,,
10/4/17,"Place in Flatiron District, New York",2017-10-04T09:12:27-04:00,2017-10-04T15:24:04-04:00,22297,40.738453,-73.993618,,
10/4/17,"Place in Flatiron, New York",2017-10-04T15:36:52-04:00,2017-10-04T15:54:34-04:00,1062,40.736407,-73.990966,,
10/4/17,"Place in Greenwood Heights, Brooklyn",2017-10-04T16:34:22-04:00,2017-10-05T00:00:00-04:00,26738,40.66419,-73.991622,,
10/5/17,"Place in Greenwood Heights, Brooklyn",2017-10-05T00:00:00-04:00,2017-10-05T04:40:55-04:00,16855,40.66419,-73.991622,,
10/5/17,"Place in Queens, New York",2017-10-05T05:01:50-04:00,2017-10-05T05:51:53-04:00,3003,40.772175,-73.865337,,
10/5/17,Place in Eastie-Jeffries Point,2017-10-05T06:53:20-04:00,2017-10-05T07:04:07-04:00,647,42.360765,-71.019238,,
10/5/17,"Place in Massachusetts Institute of Technology, Cambridge",2017-10-05T07:55:12-04:00,2017-10-05T12:39:28-04:00,17056,42.361079,-71.087212,,
10/5/17,Place in Boston,2017-10-05T12:55:01-04:00,2017-10-05T13:44:25-04:00,2964,42.351439,-71.054952,,
10/7/17,"Place in Flatiron District, New York",2017-10-07T09:05:18-04:00,2017-10-07T10:41:07-04:00,5749,40.740683,-73.991354,,
10/7/17,"Place in Flatiron, New York",2017-10-07T10:55:49-04:00,2017-10-07T10:58:50-04:00,181,40.737285,-73.990668,,
10/7/17,"Place in Flatiron District, New York",2017-10-07T11:02:35-04:00,2017-10-07T15:59:05-04:00,17790,40.738637,-73.993908,,
10/8/17,"Place in Gowanus, Brooklyn",2017-10-08T17:41:15-04:00,2017-10-08T17:43:28-04:00,133,40.674138,-73.986246,,
10/8/17,"Place in Gowanus, Brooklyn",2017-10-08T17:50:43-04:00,2017-10-08T18:09:26-04:00,1123,40.675279,-73.988813,,
10/8/17,"Place in Gowanus, Brooklyn",2017-10-08T18:19:46-04:00,2017-10-09T00:00:00-04:00,20414,40.669152,-73.989879,,
10/9/17,"Place in Gowanus, Brooklyn",2017-10-09T00:00:00-04:00,2017-10-09T05:49:01-04:00,20941,40.669152,-73.989879,,
10/9/17,"Place in South Slope, Brooklyn",2017-10-09T05:58:32-04:00,2017-10-09T07:51:47-04:00,6795,40.664461,-73.991579,,
10/9/17,Place in BoCoCa,2017-10-09T08:12:27-04:00,2017-10-09T09:29:26-04:00,4619,40.683955,-73.995004,,
10/9/17,"Place in Financial District, New York",2017-10-09T09:49:26-04:00,2017-10-09T10:52:26-04:00,3780,40.711804,-74.011628,,
10/9/17,"Place in Gowanus, Brooklyn",2017-10-09T11:17:03-04:00,2017-10-09T11:28:28-04:00,685,40.673904,-73.986558,,
10/9/17,"Place in Greenwood Heights, Brooklyn",2017-10-09T11:45:08-04:00,2017-10-10T00:00:00-04:00,44092,40.66419,-73.991622,,
10/10/17,"Place in Greenwood Heights, Brooklyn",2017-10-10T00:00:00-04:00,2017-10-10T04:39:59-04:00,16799,40.66419,-73.991622,,
10/10/17,"Place in Queens, New York",2017-10-10T04:59:20-04:00,2017-10-10T06:48:25-04:00,6545,40.774252,-73.870706,,
10/10/17,"Place in Queens, New York",2017-10-10T06:51:17-04:00,2017-10-10T07:05:52-04:00,875,40.775672,-73.869884,,
10/10/17,"Place in L'Ouest de L'Île, Montreal",2017-10-10T09:03:20-04:00,2017-10-10T09:11:09-04:00,469,45.457225,-73.751149,,
10/10/17,"Place in Island of Montreal, Montreal",2017-10-10T09:51:33-04:00,2017-10-10T17:09:28-04:00,26275,45.496912,-73.570753,,
10/10/17,"Place in Golden Square Mile, Montreal",2017-10-10T17:09:29-04:00,2017-10-10T17:52:06-04:00,2557,45.499912,-73.57147,,
10/10/17,"Place in Downtown Montréal, Montreal",2017-10-10T18:21:41-04:00,2017-10-10T21:17:57-04:00,10576,45.497198,-73.571266,,
10/11/17,"Place in Golden Square Mile, Montreal",2017-10-11T20:45:57-04:00,2017-10-12T00:00:00-04:00,11643,45.498081,-73.572721,,
10/12/17,"Place in Golden Square Mile, Montreal",2017-10-12T00:00:00-04:00,2017-10-12T08:10:21-04:00,29421,45.498081,-73.572721,,
10/12/17,"Place in Golden Square Mile, Montreal",2017-10-12T08:12:43-04:00,2017-10-12T12:24:45-04:00,15122,45.497767,-73.571491,,
10/12/17,"Place in Golden Square Mile, Montreal",2017-10-12T12:31:01-04:00,2017-10-12T13:47:31-04:00,4590,45.499498,-73.574281,,
10/12/17,"Place in Golden Square Mile, Montreal",2017-10-12T13:52:06-04:00,2017-10-12T22:01:24-04:00,29358,45.497859,-73.571111,,
10/12/17,"Place in Plateau Mont-Royal, Montreal",2017-10-12T22:11:57-04:00,2017-10-12T23:36:24-04:00,5067,45.520122,-73.574408,,
10/12/17,"Place in Chinatown, Montreal",2017-10-12T23:53:04-04:00,2017-10-13T00:00:00-04:00,416,45.50678,-73.565384,,
10/13/17,"Place in Chinatown, Montreal",2017-10-13T00:00:00-04:00,2017-10-13T12:03:20-04:00,43400,45.50678,-73.565384,,
10/13/17,"Place in Chinatown, Montreal",2017-10-13T15:05:20-04:00,2017-10-13T18:09:00-04:00,11020,45.50678,-73.565384,,
10/13/17,"Place in Plateau Mont-Royal, Montreal",2017-10-13T18:14:46-04:00,2017-10-13T19:34:16-04:00,4770,45.533748,-73.578713,,
10/13/17,"Place in Little Burgundy, Montreal",2017-10-13T19:45:31-04:00,2017-10-13T22:07:58-04:00,8547,45.48306,-73.575026,,
10/13/17,"Place in Chinatown, Montreal",2017-10-13T22:24:38-04:00,2017-10-14T00:00:00-04:00,5722,45.50678,-73.565384,,
10/14/17,"Place in Chinatown, Montreal",2017-10-14T00:00:00-04:00,2017-10-14T09:52:59-04:00,35579,45.50678,-73.565384,,
10/14/17,"Place in Plateau Mont-Royal, Montreal",2017-10-14T10:33:53-04:00,2017-10-14T11:23:38-04:00,2985,45.518934,-73.587276,,
10/14/17,"Place in Plateau Mont-Royal, Montreal",2017-10-14T11:25:51-04:00,2017-10-14T11:53:06-04:00,1635,45.520512,-73.586742,,
10/14/17,"Place in Plateau Mont-Royal, Montreal",2017-10-14T12:19:45-04:00,2017-10-14T12:43:04-04:00,1399,45.515408,-73.575836,,
10/14/17,"Place in Mile End, Montreal",2017-10-14T12:59:44-04:00,2017-10-14T13:22:09-04:00,1345,45.52364,-73.594299,,
10/14/17,"Place in Mile End, Montreal",2017-10-14T13:36:16-04:00,2017-10-14T14:00:29-04:00,1453,45.523754,-73.594757,,
10/14/17,"Place in Chinatown, Montreal",2017-10-14T14:46:18-04:00,2017-10-14T18:03:30-04:00,11832,45.50678,-73.565384,,
10/14/17,"Place in Little Burgundy, Montreal",2017-10-14T18:16:56-04:00,2017-10-14T21:02:07-04:00,9911,45.48306,-73.575026,,
10/14/17,"Place in Chinatown, Montreal",2017-10-14T21:11:11-04:00,2017-10-15T00:00:00-04:00,10129,45.50678,-73.565384,,
10/15/17,"Place in Chinatown, Montreal",2017-10-15T00:00:00-04:00,2017-10-15T09:10:50-04:00,33050,45.50678,-73.565384,,
10/15/17,"Place in Plateau Mont-Royal, Montreal",2017-10-15T09:27:30-04:00,2017-10-15T09:53:24-04:00,1554,45.517832,-73.58148,,
10/15/17,"Place in Plateau Mont-Royal, Montreal",2017-10-15T09:57:06-04:00,2017-10-15T10:20:07-04:00,1381,45.516953,-73.579386,,
10/15/17,"Place in Chinatown, Montreal",2017-10-15T10:49:55-04:00,2017-10-15T16:36:05-04:00,20770,45.507732,-73.566648,,
10/15/17,"Place in Quartier Latin, Montreal",2017-10-15T16:48:07-04:00,2017-10-15T17:46:48-04:00,3521,45.508662,-73.561101,,
10/15/17,"Place in Plateau Mont-Royal, Montreal",2017-10-15T18:03:28-04:00,2017-10-15T20:37:02-04:00,9214,45.522243,-73.574386,,
10/15/17,"Place in Chinatown, Montreal",2017-10-15T20:50:09-04:00,2017-10-16T00:00:00-04:00,11391,45.50706,-73.565377,,
10/16/17,"Place in Chinatown, Montreal",2017-10-16T00:00:00-04:00,2017-10-16T10:32:27-04:00,37947,45.50706,-73.565377,,
10/16/17,"Place in Chinatown, Montreal",2017-10-16T10:35:34-04:00,2017-10-16T10:53:13-04:00,1059,45.507792,-73.563223,,
10/16/17,"Place in Chinatown, Montreal",2017-10-16T10:56:07-04:00,2017-10-16T11:21:04-04:00,1497,45.50706,-73.565377,,
10/16/17,"Place in Quartier Latin, Montreal",2017-10-16T11:25:21-04:00,2017-10-16T12:04:17-04:00,2336,45.508431,-73.560662,,
10/16/17,"Place in Chinatown, Montreal",2017-10-16T12:09:03-04:00,2017-10-16T12:52:56-04:00,2633,45.506794,-73.564591,,
10/16/17,"Place in L'Ouest de L'Île, Montreal",2017-10-16T13:14:38-04:00,2017-10-16T13:41:45-04:00,1627,45.457017,-73.752345,,
10/16/17,"Place in L'Ouest de L'Île, Montreal",2017-10-16T13:45:14-04:00,2017-10-16T16:15:51-04:00,9037,45.455313,-73.754178,,
10/16/17,Place in Eastie-Jeffries Point,2017-10-16T17:21:48-04:00,2017-10-16T17:41:02-04:00,1154,42.365378,-71.022505,,
10/16/17,"Place in Downtown Crossing, Boston",2017-10-16T18:25:01-04:00,2017-10-16T18:40:35-04:00,934,42.353589,-71.06074,,
10/16/17,"Place in Downtown Crossing, Boston",2017-10-16T18:43:30-04:00,2017-10-16T19:08:31-04:00,1501,42.35618,-71.059296,,
10/16/17,"Place in Chinatown, Boston",2017-10-16T19:21:27-04:00,2017-10-16T19:28:24-04:00,417,42.351575,-71.062973,,
10/16/17,"Place in Downtown Crossing, Boston",2017-10-16T19:35:53-04:00,2017-10-17T00:00:00-04:00,15847,42.353589,-71.06074,,
10/17/17,"Place in Downtown Crossing, Boston",2017-10-17T00:00:00-04:00,2017-10-17T08:25:41-04:00,30341,42.353589,-71.06074,,
10/18/17,"Place in Downtown Crossing, Boston",2017-10-18T00:45:57-04:00,2017-10-18T17:23:55-04:00,59878,42.354334,-71.061479,,
10/18/17,Place in Eastie-Jeffries Point,2017-10-18T19:17:43-04:00,2017-10-18T19:27:28-04:00,585,42.36737,-71.016379,,
10/18/17,"Place in Queens, New York",2017-10-18T21:01:41-04:00,2017-10-19T00:00:00-04:00,10699,40.770635,-73.879861,,
10/19/17,"Place in Queens, New York",2017-10-19T00:00:00-04:00,2017-10-19T10:08:19-04:00,36499,40.770635,-73.879861,,
10/19/17,"Place in Greenwich Village, New York",2017-10-19T10:15:50-04:00,2017-10-19T11:23:42-04:00,4072,40.730051,-73.99953,,
10/19/17,"Place in Greenwich Village, New York",2017-10-19T11:26:53-04:00,2017-10-19T12:00:58-04:00,2045,40.73017,-74.002135,,
10/19/17,"Place in Greenwich Village, New York",2017-10-19T12:10:43-04:00,2017-10-19T12:19:01-04:00,498,40.729992,-73.99681,,
10/19/17,"Place in Greenwich Village, New York",2017-10-19T12:28:01-04:00,2017-10-19T13:55:58-04:00,5277,40.7312,-73.999979,,
10/22/17,"Place in SoHo, New York",2017-10-22T09:42:10-04:00,2017-10-22T12:07:33-04:00,8723,40.725592,-74.003882,,
10/22/17,"Place in Greenwich Village, New York",2017-10-22T12:11:59-04:00,2017-10-22T12:20:13-04:00,494,40.730095,-73.999057,,
10/22/17,"Place in Flatiron District, New York",2017-10-22T12:40:28-04:00,2017-10-22T14:32:49-04:00,6741,40.739695,-73.991065,,
10/22/17,"Place in Flatiron, New York",2017-10-22T14:36:07-04:00,2017-10-22T15:02:21-04:00,1574,40.738303,-73.991588,,
10/22/17,"Place in Greenwich Village, New York",2017-10-22T15:26:06-04:00,2017-10-22T17:22:49-04:00,7003,40.728046,-73.998903,,
10/22/17,"Place in Greenwich Village, New York",2017-10-22T17:50:46-04:00,2017-10-22T18:01:42-04:00,656,40.731097,-74.001194,,
10/23/17,"Place in Brooklyn Heights, Brooklyn",2017-10-23T16:56:55-04:00,2017-10-23T17:01:58-04:00,303,40.698627,-73.99425,,
10/23/17,"Place in Downtown Brooklyn, Brooklyn",2017-10-23T18:43:23-04:00,2017-10-24T00:00:00-04:00,18997,40.690556,-73.983564,,
10/24/17,"Place in Downtown Brooklyn, Brooklyn",2017-10-24T00:00:00-04:00,2017-10-24T16:59:52-04:00,61192,40.690556,-73.983564,,
10/24/17,"Place in Gowanus, Brooklyn",2017-10-24T17:16:21-04:00,2017-10-24T17:18:29-04:00,128,40.670062,-73.989069,,
10/24/17,"Place in Jackson Heights, New York",2017-10-24T18:19:31-04:00,2017-10-24T19:15:45-04:00,3374,40.750678,-73.888228,,
10/24/17,"Place in Jackson Heights, New York",2017-10-24T19:21:52-04:00,2017-10-24T20:15:32-04:00,3220,40.747581,-73.886854,,
10/24/17,"Place in Greenwood Heights, Brooklyn",2017-10-24T21:19:51-04:00,2017-10-25T00:00:00-04:00,9609,40.66419,-73.991622,,
10/25/17,"Place in Greenwood Heights, Brooklyn",2017-10-25T00:00:00-04:00,2017-10-25T11:59:05-04:00,43145,40.66419,-73.991622,,
10/25/17,"Place in SoHo, New York",2017-10-25T12:44:53-04:00,2017-10-25T15:57:00-04:00,11527,40.725961,-74.003522,,
10/25/17,"Place in Greenwich Village, New York",2017-10-25T16:04:04-04:00,2017-10-25T16:47:45-04:00,2621,40.730051,-73.99953,,
10/25/17,"Place in SoHo, New York",2017-10-25T16:58:18-04:00,2017-10-25T18:35:54-04:00,5856,40.722949,-74.005195,,
10/25/17,"Place in South Slope, Brooklyn",2017-10-25T19:05:22-04:00,2017-10-26T00:00:00-04:00,17678,40.664461,-73.991579,,
10/26/17,"Place in South Slope, Brooklyn",2017-10-26T00:00:00-04:00,2017-10-26T09:05:06-04:00,32706,40.664461,-73.991579,,
10/26/17,"Place in Chelsea, New York",2017-10-26T09:49:34-04:00,2017-10-26T15:04:38-04:00,18904,40.742327,-74.004263,,
10/26/17,"Place in Greenwich Village, New York",2017-10-26T15:23:39-04:00,2017-10-26T15:26:51-04:00,192,40.730095,-73.999057,,
10/26/17,"Place in Greenwich Village, New York",2017-10-26T15:35:14-04:00,2017-10-26T17:12:22-04:00,5828,40.733894,-73.999404,,
10/26/17,"Place in South Slope, Brooklyn",2017-10-26T17:47:38-04:00,2017-10-26T17:54:08-04:00,390,40.664858,-73.991252,,
10/26/17,"Place in Greenwich Village, New York",2017-10-26T17:58:28-04:00,2017-10-26T19:10:28-04:00,4320,40.728046,-73.998903,,
10/26/17,"Place in Gowanus, Brooklyn",2017-10-26T19:28:49-04:00,2017-10-26T22:03:23-04:00,9274,40.672856,-73.991931,,
10/28/17,"Place in NoHo, New York",2017-10-28T14:01:34-04:00,2017-10-28T15:17:53-04:00,4579,40.725509,-73.996651,,
10/28/17,"Place in Elmhurst, New York",2017-10-28T15:42:33-04:00,2017-10-28T15:49:28-04:00,415,40.742898,-73.881115,,
10/28/17,"Place in Elmhurst, New York",2017-10-28T15:53:48-04:00,2017-10-28T16:11:22-04:00,1054,40.746549,-73.883654,,
10/28/17,"Place in Flatiron, New York",2017-10-28T18:08:31-04:00,2017-10-28T18:16:52-04:00,501,40.740771,-73.9897,,
10/28/17,"Place in Chelsea, New York",2017-10-28T18:38:03-04:00,2017-10-28T18:49:52-04:00,709,40.740065,-73.995533,,
10/28/17,"Place in Flatiron District, New York",2017-10-28T18:49:53-04:00,2017-10-28T18:58:51-04:00,538,40.739906,-73.994354,,
10/28/17,"Place in Flatiron District, New York",2017-10-28T18:59:57-04:00,2017-10-28T19:17:25-04:00,1048,40.739358,-73.992195,,
10/28/17,"Place in Flatiron, New York",2017-10-28T19:23:19-04:00,2017-10-29T00:00:00-04:00,16601,40.741893,-73.990023,,
10/29/17,"Place in Flatiron, New York",2017-10-29T00:00:00-04:00,2017-10-29T18:20:53-04:00,66053,40.741893,-73.990023,,
10/29/17,"Place in Bedford–Stuyvesant, Brooklyn",2017-10-29T19:19:44-04:00,2017-10-30T00:00:00-04:00,16816,40.685258,-73.945372,,
10/30/17,"Place in Bedford–Stuyvesant, Brooklyn",2017-10-30T00:00:00-04:00,2017-10-30T09:22:06-04:00,33726,40.685258,-73.945372,,
10/30/17,"Place in Park Slope, Brooklyn",2017-10-30T09:48:56-04:00,2017-10-30T10:09:32-04:00,1236,40.669311,-73.987437,,
10/30/17,Place in BoCoCa,2017-10-30T10:30:55-04:00,2017-10-30T12:42:48-04:00,7913,40.683955,-73.995004,,
10/30/17,"Place in Greenwood Heights, Brooklyn",2017-10-30T15:51:29-04:00,2017-10-31T00:00:00-04:00,29311,40.663916,-73.991819,,
10/31/17,"Place in Greenwood Heights, Brooklyn",2017-10-31T00:00:00-04:00,2017-10-31T08:57:11-04:00,32231,40.663916,-73.991819,,
10/31/17,"Place in Chelsea, New York",2017-10-31T09:33:46-04:00,2017-10-31T15:49:29-04:00,22543,40.742327,-74.004263,,
10/31/17,"Place in Greenwood Heights, Brooklyn",2017-10-31T19:14:33-04:00,2017-11-01T00:00:00-04:00,17127,40.663916,-73.991819,,
11/1/17,"Place in Greenwood Heights, Brooklyn",2017-11-01T00:00:00-04:00,2017-11-01T18:35:06-04:00,66906,40.663916,-73.991819,,
11/1/17,"Place in South Slope, Brooklyn",2017-11-01T19:19:54-04:00,2017-11-02T00:00:00-04:00,16806,40.664461,-73.991579,,
11/2/17,"Place in South Slope, Brooklyn",2017-11-02T00:00:00-04:00,2017-11-02T09:28:47-04:00,34127,40.664461,-73.991579,,
11/2/17,"Place in South Slope, Brooklyn",2017-11-02T09:39:10-04:00,2017-11-02T09:49:10-04:00,600,40.669756,-73.989197,,
11/2/17,"Place in Fort Greene, Brooklyn",2017-11-02T10:09:15-04:00,2017-11-02T18:45:41-04:00,30986,40.688184,-73.978765,,
11/2/17,"Place in South Slope, Brooklyn",2017-11-02T19:02:21-04:00,2017-11-03T00:00:00-04:00,17859,40.664775,-73.991607,,
11/3/17,"Place in South Slope, Brooklyn",2017-11-03T00:00:00-04:00,2017-11-03T07:41:06-04:00,27666,40.664775,-73.991607,,
11/4/17,"Place in Greenwood Heights, Brooklyn",2017-11-04T13:46:10-04:00,2017-11-05T00:00:00-04:00,36830,40.66419,-73.991622,,
11/5/17,"Place in Greenwood Heights, Brooklyn",2017-11-05T00:00:00-04:00,2017-11-05T06:48:46-05:00,28126,40.66419,-73.991622,,
11/6/17,"Place in Greenwood Heights, Brooklyn",2017-11-06T06:42:56-05:00,2017-11-06T08:58:43-05:00,8147,40.66419,-73.991622,,
11/6/17,"Place in North Slope, Brooklyn",2017-11-06T09:14:52-05:00,2017-11-06T16:51:02-05:00,27370,40.679763,-73.974569,,
11/6/17,"Place in South Slope, Brooklyn",2017-11-06T19:11:15-05:00,2017-11-06T20:03:22-05:00,3127,40.665346,-73.99135,,
11/6/17,"Place in South Slope, Brooklyn",2017-11-06T20:03:22-05:00,2017-11-07T00:00:00-05:00,14198,40.664775,-73.991607,,
11/7/17,"Place in South Slope, Brooklyn",2017-11-07T00:00:00-05:00,2017-11-07T09:24:43-05:00,33883,40.664775,-73.991607,,
11/7/17,"Place in Fort Greene, Brooklyn",2017-11-07T09:38:32-05:00,2017-11-07T17:03:38-05:00,26706,40.687822,-73.978532,,
11/7/17,Place in New York,2017-11-07T17:16:18-05:00,2017-11-07T18:27:42-05:00,4284,40.681142,-73.974416,,
11/7/17,"Place in Downtown Brooklyn, Brooklyn",2017-11-07T18:46:20-05:00,2017-11-07T18:55:50-05:00,570,40.690556,-73.983564,,
11/7/17,"Place in Downtown Brooklyn, Brooklyn",2017-11-07T18:55:50-05:00,2017-11-07T20:50:07-05:00,6857,40.69106,-73.9828,,
11/7/17,"Place in Greenwood Heights, Brooklyn",2017-11-07T21:06:47-05:00,2017-11-08T00:00:00-05:00,10393,40.66419,-73.991622,,
11/8/17,"Place in Greenwood Heights, Brooklyn",2017-11-08T00:00:00-05:00,2017-11-08T05:50:24-05:00,21024,40.66419,-73.991622,,
11/8/17,"Place in Chelsea, New York",2017-11-08T06:53:17-05:00,2017-11-08T17:27:18-05:00,38041,40.742816,-74.003391,,
11/8/17,"Place in Greenwood Heights, Brooklyn",2017-11-08T18:05:06-05:00,2017-11-09T00:00:00-05:00,21294,40.66419,-73.991622,,
11/9/17,"Place in Greenwood Heights, Brooklyn",2017-11-09T00:00:00-05:00,2017-11-09T04:34:39-05:00,16479,40.66419,-73.991622,,
11/9/17,"Place in Queens, New York",2017-11-09T04:59:20-05:00,2017-11-09T05:13:41-05:00,861,40.76802,-73.863096,,
11/9/17,"Place in Inman Square, Cambridge",2017-11-09T19:35:25-05:00,2017-11-10T00:00:00-05:00,15875,42.376251,-71.099289,,
11/10/17,"Place in Inman Square, Cambridge",2017-11-10T00:00:00-05:00,2017-11-10T07:07:24-05:00,25644,42.376251,-71.099289,,
11/10/17,"Place in College Hill, Providence",2017-11-10T08:51:12-05:00,2017-11-10T10:07:27-05:00,4575,41.823543,-71.405885,,
11/10/17,"Place in Downtown, Providence",2017-11-10T10:28:55-05:00,2017-11-10T12:33:18-05:00,7463,41.826312,-71.408368,,
11/10/17,"Place in Downtown, Providence",2017-11-10T12:39:54-05:00,2017-11-10T17:35:18-05:00,17724,41.82918,-71.413661,,
11/10/17,Place in Eastie-Jeffries Point,2017-11-10T18:55:43-05:00,2017-11-10T20:35:21-05:00,5978,42.364884,-71.021842,,
11/10/17,"Place in Queens, New York",2017-11-10T21:58:21-05:00,2017-11-10T22:13:50-05:00,929,40.769816,-73.862218,,
11/11/17,"Place in North Slope, Brooklyn",2017-11-11T10:18:10-05:00,2017-11-11T11:28:56-05:00,4246,40.679094,-73.973945,,
11/11/17,Place in New York,2017-11-11T12:08:54-05:00,2017-11-11T12:47:00-05:00,2286,40.752801,-73.981626,,
11/11/17,"Place in Jackson Heights, New York",2017-11-11T13:13:13-05:00,2017-11-11T14:23:28-05:00,4215,40.750678,-73.888228,,
11/11/17,"Place in Jackson Heights, New York",2017-11-11T14:28:38-05:00,2017-11-11T14:38:00-05:00,562,40.747212,-73.891358,,
11/11/17,"Place in Jackson Heights, New York",2017-11-11T14:38:01-05:00,2017-11-11T15:44:49-05:00,4008,40.74732,-73.890417,,
11/11/17,"Place in Jackson Heights, New York",2017-11-11T15:48:58-05:00,2017-11-11T15:55:17-05:00,379,40.749531,-73.887654,,
11/11/17,"Place in Greenwich Village, New York",2017-11-11T16:00:01-05:00,2017-11-11T17:51:24-05:00,6683,40.728046,-73.998903,,
11/11/17,"Place in Greenwood Heights, Brooklyn",2017-11-11T18:39:59-05:00,2017-11-12T00:00:00-05:00,19201,40.663916,-73.991819,,
11/12/17,"Place in Greenwood Heights, Brooklyn",2017-11-12T00:00:00-05:00,2017-11-12T09:00:30-05:00,32430,40.663916,-73.991819,,
11/13/17,"Place in Jackson Heights, New York",2017-11-13T10:11:48-05:00,2017-11-13T11:28:08-05:00,4580,40.749531,-73.887654,,
11/13/17,"Place in Jackson Heights, New York",2017-11-13T11:35:39-05:00,2017-11-13T12:13:52-05:00,2293,40.747374,-73.885649,,
11/13/17,"Place in Jackson Heights, New York",2017-11-13T12:18:20-05:00,2017-11-13T14:45:30-05:00,8830,40.750678,-73.888228,,
11/13/17,"Place in Carroll Gardens, Brooklyn",2017-11-13T15:46:45-05:00,2017-11-13T15:55:38-05:00,533,40.676279,-73.998769,,
11/13/17,"Place in Carroll Gardens, Brooklyn",2017-11-13T18:45:52-05:00,2017-11-13T19:25:27-05:00,2375,40.676279,-73.998769,,
11/13/17,"Place in Greenwood Heights, Brooklyn",2017-11-13T19:47:10-05:00,2017-11-14T00:00:00-05:00,15170,40.66419,-73.991622,,
11/14/17,"Place in Greenwood Heights, Brooklyn",2017-11-14T00:00:00-05:00,2017-11-14T05:39:04-05:00,20344,40.66419,-73.991622,,
11/14/17,"Place in SoHo, New York",2017-11-14T06:20:08-05:00,2017-11-14T08:35:09-05:00,8101,40.725592,-74.003882,,
11/14/17,"Place in Greenwich Village, New York",2017-11-14T08:42:21-05:00,2017-11-14T08:47:02-05:00,281,40.728918,-73.997989,,
11/14/17,"Place in Fort Greene, Brooklyn",2017-11-14T09:23:07-05:00,2017-11-14T16:30:39-05:00,25652,40.688288,-73.979403,,
11/14/17,"Place in Downtown Brooklyn, Brooklyn",2017-11-14T16:36:09-05:00,2017-11-14T17:25:48-05:00,2979,40.690556,-73.983564,,
11/14/17,"Place in Greenwood Heights, Brooklyn",2017-11-14T17:45:38-05:00,2017-11-14T17:56:16-05:00,638,40.664565,-73.992569,,
11/14/17,"Place in Greenwood Heights, Brooklyn",2017-11-14T18:01:46-05:00,2017-11-14T19:30:52-05:00,5346,40.661457,-73.993444,,
11/14/17,"Place in Greenwood Heights, Brooklyn",2017-11-14T19:33:57-05:00,2017-11-15T00:00:00-05:00,15963,40.663339,-73.991391,,
11/15/17,"Place in Greenwood Heights, Brooklyn",2017-11-15T00:00:00-05:00,2017-11-15T10:18:57-05:00,37137,40.663339,-73.991391,,
11/15/17,"Place in Jackson Heights, New York",2017-11-15T10:45:14-05:00,2017-11-15T16:51:00-05:00,21946,40.749424,-73.888182,,
11/15/17,"Place in Greenwood Heights, Brooklyn",2017-11-15T18:08:13-05:00,2017-11-16T00:00:00-05:00,21107,40.66419,-73.991622,,
11/16/17,"Place in Greenwood Heights, Brooklyn",2017-11-16T00:00:00-05:00,2017-11-16T08:51:45-05:00,31905,40.66419,-73.991622,,
11/16/17,Place in BoCoCa,2017-11-16T09:12:16-05:00,2017-11-16T10:26:13-05:00,4437,40.683955,-73.995004,,
11/16/17,"Place in Carroll Gardens, Brooklyn",2017-11-16T10:34:35-05:00,2017-11-16T10:44:35-05:00,600,40.676279,-73.998769,,
11/16/17,"Place in Greenwood Heights, Brooklyn",2017-11-16T11:00:56-05:00,2017-11-16T12:49:52-05:00,6536,40.66419,-73.991622,,
11/16/17,Place in New York,2017-11-16T13:09:11-05:00,2017-11-16T17:49:28-05:00,16817,40.760431,-73.977681,,
11/16/17,"Place in Flatiron, New York",2017-11-16T18:16:54-05:00,2017-11-16T18:24:43-05:00,469,40.741893,-73.990023,,
11/16/17,"Place in Greenwood Heights, Brooklyn",2017-11-16T19:40:34-05:00,2017-11-17T00:00:00-05:00,15566,40.664736,-73.992085,,
11/17/17,"Place in Greenwood Heights, Brooklyn",2017-11-17T00:00:00-05:00,2017-11-17T05:22:27-05:00,19347,40.664736,-73.992085,,
11/17/17,"Place in SoHo, New York",2017-11-17T06:35:43-05:00,2017-11-17T08:21:18-05:00,6335,40.725592,-74.003882,,
11/17/17,Place in BoCoCa,2017-11-17T08:59:29-05:00,2017-11-17T10:29:48-05:00,5419,40.683955,-73.995004,,
11/17/17,"Place in Carroll Gardens, Brooklyn",2017-11-17T10:38:40-05:00,2017-11-17T11:08:22-05:00,1782,40.676279,-73.998769,,
11/17/17,"Place in Greenwood Heights, Brooklyn",2017-11-17T11:17:18-05:00,2017-11-17T15:02:52-05:00,13534,40.664373,-73.992187,,
11/17/17,"Place in Jackson Heights, New York",2017-11-17T15:48:30-05:00,2017-11-17T17:30:10-05:00,6100,40.750187,-73.887947,,
11/17/17,"Place in Jackson Heights, New York",2017-11-17T17:31:27-05:00,2017-11-17T17:34:00-05:00,153,40.749424,-73.888182,,
11/17/17,"Place in Jackson Heights, New York",2017-11-17T17:34:00-05:00,2017-11-17T20:16:57-05:00,9777,40.750067,-73.88842,,
11/17/17,"Place in Greenwood Heights, Brooklyn",2017-11-17T20:51:58-05:00,2017-11-18T00:00:00-05:00,11282,40.663838,-73.991346,,
11/18/17,"Place in Greenwood Heights, Brooklyn",2017-11-18T00:00:00-05:00,2017-11-18T06:58:06-05:00,25086,40.663838,-73.991346,,
11/18/17,Place in BoCoCa,2017-11-18T07:14:46-05:00,2017-11-18T08:30:56-05:00,4570,40.683955,-73.995004,,
11/18/17,Place in New York,2017-11-18T08:41:14-05:00,2017-11-18T12:53:52-05:00,15158,40.663648,-73.990968,,
11/18/17,"Place in Carroll Gardens, Brooklyn",2017-11-18T12:59:10-05:00,2017-11-18T13:05:53-05:00,403,40.676279,-73.998769,,
11/18/17,"Place in South Slope, Brooklyn",2017-11-18T13:29:55-05:00,2017-11-18T18:02:46-05:00,16371,40.663363,-73.979572,,
11/18/17,"Place in Garment District, New York",2017-11-18T18:39:15-05:00,2017-11-18T21:55:58-05:00,11803,40.753648,-73.992501,,
11/20/17,"Place in Jackson Heights, New York",2017-11-20T09:04:46-05:00,2017-11-20T13:50:11-05:00,17125,40.750067,-73.88842,,
11/20/17,"Place in Jackson Heights, New York",2017-11-20T13:51:00-05:00,2017-11-21T00:00:00-05:00,36540,40.749424,-73.888182,,
11/21/17,"Place in Jackson Heights, New York",2017-11-21T00:00:00-05:00,2017-11-21T07:43:57-05:00,27837,40.749424,-73.888182,,
11/21/17,"Place in Queens, New York",2017-11-21T07:59:14-05:00,2017-11-21T08:09:29-05:00,615,40.736901,-73.922855,,
11/21/17,"Place in Queens, New York",2017-11-21T08:09:30-05:00,2017-11-21T08:20:08-05:00,638,40.734855,-73.923418,,
11/21/17,"Place in Greenwood Heights, Brooklyn",2017-11-21T08:54:01-05:00,2017-11-21T08:55:14-05:00,73,40.66419,-73.991622,,
11/21/17,"Place in Gowanus, Brooklyn",2017-11-21T09:10:39-05:00,2017-11-21T09:20:40-05:00,601,40.672713,-73.99864,,
11/21/17,"Place in Carroll Gardens, Brooklyn",2017-11-21T09:26:32-05:00,2017-11-21T09:40:48-05:00,856,40.676547,-73.998653,,
11/21/17,"Place in Jackson Heights, New York",2017-11-21T10:55:12-05:00,2017-11-21T11:00:28-05:00,316,40.750678,-73.888228,,
11/21/17,"Place in Greenwich Village, New York",2017-11-21T11:08:03-05:00,2017-11-22T00:00:00-05:00,46317,40.728046,-73.998903,,
11/22/17,"Place in Greenwich Village, New York",2017-11-22T00:00:00-05:00,2017-11-22T07:39:23-05:00,27563,40.728046,-73.998903,,
11/22/17,"Place in SoHo, New York",2017-11-22T08:19:57-05:00,2017-11-22T08:31:10-05:00,673,40.725592,-74.003882,,
11/24/17,"Place in Jackson Heights, New York",2017-11-24T10:32:00-05:00,2017-11-24T11:37:00-05:00,3900,40.750538,-73.888632,,
11/24/17,"Place in Upper East Side, New York",2017-11-24T12:01:50-05:00,2017-11-24T12:11:50-05:00,600,40.766062,-73.965826,,
11/24/17,Place in New York,2017-11-24T12:35:55-05:00,2017-11-24T12:45:23-05:00,568,40.763942,-73.976157,,
11/24/17,"Place in Greenwich Village, New York",2017-11-24T12:47:33-05:00,2017-11-24T13:28:33-05:00,2460,40.728046,-73.998903,,
11/24/17,"Place in Jackson Heights, New York",2017-11-24T13:53:49-05:00,2017-11-24T15:25:38-05:00,5509,40.750724,-73.889119,,
11/24/17,"Place in Queens, New York",2017-11-24T15:47:23-05:00,2017-11-24T21:15:24-05:00,19681,40.731004,-73.753955,,
11/24/17,"Place in Jackson Heights, New York",2017-11-24T21:42:42-05:00,2017-11-25T00:00:00-05:00,8238,40.750678,-73.888228,,
11/25/17,"Place in Jackson Heights, New York",2017-11-25T00:00:00-05:00,2017-11-25T08:46:01-05:00,31561,40.750678,-73.888228,,
11/25/17,"Place in Jackson Heights, New York",2017-11-25T08:54:24-05:00,2017-11-25T09:25:39-05:00,1875,40.749777,-73.883766,,
11/25/17,Place in BoCoCa,2017-11-25T10:44:27-05:00,2017-11-25T10:54:06-05:00,579,40.683955,-73.995004,,
11/26/17,"Place in Astoria, Queens",2017-11-26T19:33:07-05:00,2017-11-26T20:09:13-05:00,2166,40.765202,-73.919272,,
11/26/17,"Place in Long Island City, New York",2017-11-26T20:11:20-05:00,2017-11-26T21:48:59-05:00,5859,40.763346,-73.920644,,
11/26/17,"Place in Astoria, Queens",2017-11-26T21:52:35-05:00,2017-11-26T22:01:15-05:00,520,40.767305,-73.918398,,
11/26/17,"Place in Jackson Heights, New York",2017-11-26T22:10:26-05:00,2017-11-27T00:00:00-05:00,6574,40.750538,-73.888632,,
11/27/17,"Place in Jackson Heights, New York",2017-11-27T00:00:00-05:00,2017-11-27T05:37:44-05:00,20264,40.750538,-73.888632,,
11/27/17,"Place in SoHo, New York",2017-11-27T06:13:17-05:00,2017-11-27T08:34:16-05:00,8459,40.725592,-74.003882,,
11/27/17,"Place in North Slope, Brooklyn",2017-11-27T08:54:35-05:00,2017-11-27T10:30:23-05:00,5748,40.679997,-73.974895,,
11/27/17,"Place in Fort Greene, Brooklyn",2017-11-27T10:41:04-05:00,2017-11-27T14:21:10-05:00,13206,40.687822,-73.978532,,
11/27/17,Place in New York,2017-11-27T14:30:06-05:00,2017-11-27T14:54:28-05:00,1462,40.683867,-73.976798,,
11/27/17,"Place in SoHo, New York",2017-11-27T15:17:45-05:00,2017-11-27T15:59:34-05:00,2509,40.719786,-74.001527,,
11/27/17,"Place in Jackson Heights, New York",2017-11-27T16:24:29-05:00,2017-11-28T00:00:00-05:00,27331,40.750538,-73.888632,,
11/28/17,"Place in Jackson Heights, New York",2017-11-28T00:00:00-05:00,2017-11-28T09:07:22-05:00,32842,40.750538,-73.888632,,
11/28/17,"Place in Fort Greene, Brooklyn",2017-11-28T10:06:45-05:00,2017-11-28T10:08:25-05:00,100,40.683842,-73.976179,,
11/28/17,"Place in North Slope, Brooklyn",2017-11-28T10:19:53-05:00,2017-11-28T11:34:05-05:00,4452,40.679094,-73.973945,,
11/28/17,"Place in Chelsea, New York",2017-11-28T12:29:22-05:00,2017-11-28T14:33:41-05:00,7459,40.742648,-74.003939,,
11/28/17,"Place in Chelsea, New York",2017-11-28T14:36:45-05:00,2017-11-28T15:19:29-05:00,2564,40.742225,-74.00639,,
11/28/17,"Place in SoHo, New York",2017-11-28T15:41:15-05:00,2017-11-28T18:31:31-05:00,10216,40.725592,-74.003882,,
11/28/17,"Place in Jackson Heights, New York",2017-11-28T18:57:14-05:00,2017-11-28T20:01:04-05:00,3830,40.750358,-73.888242,,
11/28/17,"Place in Jackson Heights, New York",2017-11-28T20:09:02-05:00,2017-11-28T21:23:51-05:00,4489,40.747898,-73.88717,,
11/28/17,"Place in Jackson Heights, New York",2017-11-28T21:27:43-05:00,2017-11-29T00:00:00-05:00,9137,40.750538,-73.888632,,
11/29/17,"Place in Jackson Heights, New York",2017-11-29T00:00:00-05:00,2017-11-29T09:11:15-05:00,33075,40.750538,-73.888632,,
11/29/17,"Place in Downtown Brooklyn, Brooklyn",2017-11-29T10:03:57-05:00,2017-11-29T10:31:08-05:00,1631,40.690507,-73.984443,,
11/29/17,"Place in Fort Greene, Brooklyn",2017-11-29T10:34:14-05:00,2017-11-29T15:35:10-05:00,18056,40.688288,-73.979403,,
11/29/17,Place in BoCoCa,2017-11-29T15:38:03-05:00,2017-11-29T15:56:02-05:00,1079,40.688198,-73.981716,,
11/29/17,"Place in Fort Greene, Brooklyn",2017-11-29T16:00:45-05:00,2017-11-29T16:49:11-05:00,2906,40.686921,-73.977361,,
11/29/17,Place in New York,2017-11-29T17:08:16-05:00,2017-11-29T18:28:09-05:00,4793,40.67963,-73.974209,,
11/29/17,"Place in Fort Greene, Brooklyn",2017-11-29T18:36:14-05:00,2017-11-29T20:48:40-05:00,7946,40.686456,-73.977429,,
11/29/17,"Place in Jackson Heights, New York",2017-11-29T21:39:05-05:00,2017-11-29T21:44:31-05:00,326,40.74691,-73.889523,,
11/29/17,"Place in Jackson Heights, New York",2017-11-29T21:55:14-05:00,2017-11-30T00:00:00-05:00,7486,40.750358,-73.888242,,
11/30/17,"Place in Jackson Heights, New York",2017-11-30T00:00:00-05:00,2017-11-30T09:51:13-05:00,35473,40.750358,-73.888242,,
11/30/17,"Place in Jackson Heights, New York",2017-11-30T09:56:57-05:00,2017-11-30T10:26:17-05:00,1760,40.74769,-73.886175,,
11/30/17,Place in New York,2017-11-30T10:50:57-05:00,2017-11-30T11:00:46-05:00,589,40.761424,-73.977653,,
11/30/17,"Place in Greenwich Village, New York",2017-11-30T11:06:47-05:00,2017-11-30T11:24:43-05:00,1076,40.728046,-73.998903,,
11/30/17,"Place in Garment District, New York",2017-11-30T11:44:53-05:00,2017-11-30T13:48:13-05:00,7400,40.756277,-73.990483,,
12/2/17,"Place in Jackson Heights, New York",2017-12-02T07:08:16-05:00,2017-12-02T09:30:14-05:00,8518,40.750678,-73.888228,,
12/2/17,"Place in Jackson Heights, New York",2017-12-02T09:33:59-05:00,2017-12-02T10:12:27-05:00,2308,40.749777,-73.883766,,
12/2/17,"Place in Jackson Heights, New York",2017-12-02T16:44:52-05:00,2017-12-02T16:46:35-05:00,103,40.746477,-73.890381,,
12/2/17,"Place in Jackson Heights, New York",2017-12-02T16:59:11-05:00,2017-12-03T00:00:00-05:00,25249,40.750678,-73.888228,,
12/3/17,"Place in Jackson Heights, New York",2017-12-03T00:00:00-05:00,2017-12-03T12:12:02-05:00,43922,40.750678,-73.888228,,
12/3/17,Place in New York,2017-12-03T12:44:53-05:00,2017-12-03T12:47:50-05:00,177,40.752801,-73.981626,,
12/3/17,Place in New York,2017-12-03T12:51:11-05:00,2017-12-03T13:17:53-05:00,1602,40.75247,-73.981852,,
12/3/17,"Place in Flatiron District, New York",2017-12-03T13:27:45-05:00,2017-12-03T13:30:54-05:00,189,40.739358,-73.992195,,
12/3/17,"Place in Flatiron, New York",2017-12-03T13:42:44-05:00,2017-12-03T13:45:47-05:00,183,40.734566,-73.989769,,
12/3/17,"Place in Jackson Heights, New York",2017-12-03T14:29:52-05:00,2017-12-03T14:53:10-05:00,1398,40.748937,-73.889459,,
12/3/17,"Place in Jackson Heights, New York",2017-12-03T14:55:59-05:00,2017-12-04T00:00:00-05:00,32641,40.750678,-73.888228,,
12/4/17,"Place in Jackson Heights, New York",2017-12-04T00:00:00-05:00,2017-12-04T04:46:03-05:00,17163,40.750678,-73.888228,,
12/4/17,"Place in Queens, New York",2017-12-04T04:58:52-05:00,2017-12-04T06:14:12-05:00,4520,40.770908,-73.865242,,
12/4/17,Place in Eastie-Jeffries Point,2017-12-04T07:09:10-05:00,2017-12-04T07:15:45-05:00,395,42.360295,-71.01908,,
12/4/17,Place in Eastie-Jeffries Point,2017-12-04T07:19:42-05:00,2017-12-04T18:10:29-05:00,39047,42.361214,-71.019098,,
12/4/17,Place in Eastie-Jeffries Point,2017-12-04T18:31:26-05:00,2017-12-04T18:46:16-05:00,890,42.368124,-71.015011,,
12/4/17,"Place in Jackson Heights, New York",2017-12-04T22:38:50-05:00,2017-12-05T00:00:00-05:00,4870,40.750538,-73.888632,,
12/5/17,"Place in Jackson Heights, New York",2017-12-05T00:00:00-05:00,2017-12-05T05:52:12-05:00,21132,40.750538,-73.888632,,
12/5/17,"Place in SoHo, New York",2017-12-05T06:36:53-05:00,2017-12-05T08:27:35-05:00,6642,40.725592,-74.003882,,
12/5/17,Place in New York,2017-12-05T08:41:55-05:00,2017-12-05T12:58:50-05:00,15415,40.76105,-73.977212,,
12/5/17,"Place in Jackson Heights, New York",2017-12-05T13:04:12-05:00,2017-12-05T13:24:23-05:00,1211,40.748937,-73.889459,,
12/6/17,Place in New York,2017-12-06T12:17:58-05:00,2017-12-06T13:32:13-05:00,4455,40.763942,-73.976157,,
12/6/17,"Place in Jackson Heights, New York",2017-12-06T13:54:48-05:00,2017-12-07T00:00:00-05:00,36312,40.749696,-73.88821,,
12/7/17,"Place in Jackson Heights, New York",2017-12-07T00:00:00-05:00,2017-12-07T06:54:17-05:00,24857,40.749696,-73.88821,,
12/7/17,Place in New York,2017-12-07T08:37:19-05:00,2017-12-07T17:54:37-05:00,33438,40.76105,-73.977212,,
12/7/17,Place in New York,2017-12-07T17:57:52-05:00,2017-12-07T19:14:41-05:00,4609,40.759105,-73.978389,,
12/7/17,"Place in Jackson Heights, New York",2017-12-07T19:50:10-05:00,2017-12-08T00:00:00-05:00,14990,40.750678,-73.888228,,
12/8/17,"Place in Jackson Heights, New York",2017-12-08T00:00:00-05:00,2017-12-08T06:05:13-05:00,21913,40.750678,-73.888228,,
12/8/17,"Place in SoHo, New York",2017-12-08T06:21:53-05:00,2017-12-08T08:05:51-05:00,6238,40.725592,-74.003882,,
12/8/17,"Place in Greenwich Village, New York",2017-12-08T08:11:13-05:00,2017-12-08T08:16:11-05:00,298,40.728918,-73.997989,,
12/8/17,Place in New York,2017-12-08T08:46:57-05:00,2017-12-08T14:12:11-05:00,19514,40.76105,-73.977212,,
12/8/17,"Place in Flatiron, New York",2017-12-08T14:28:51-05:00,2017-12-08T15:05:04-05:00,2173,40.733871,-73.98715,,
12/8/17,Place in New York,2017-12-08T15:09:12-05:00,2017-12-08T15:27:15-05:00,1083,40.733287,-73.990978,,
12/8/17,"Place in Flatiron, New York",2017-12-08T15:34:55-05:00,2017-12-08T15:48:36-05:00,821,40.736946,-73.989807,,
12/8/17,"Place in Greenwich Village, New York",2017-12-08T15:53:47-05:00,2017-12-08T16:11:43-05:00,1076,40.728046,-73.998903,,
12/10/17,Place in New York,2017-12-10T09:17:43-05:00,2017-12-10T10:50:01-05:00,5538,40.763942,-73.976157,,
12/11/17,Place in New York,2017-12-11T12:32:35-05:00,2017-12-11T12:42:01-05:00,566,40.763942,-73.976157,,
12/11/17,"Place in Greenwich Village, New York",2017-12-11T12:45:16-05:00,2017-12-11T13:34:46-05:00,2970,40.728046,-73.998903,,
12/11/17,"Place in Jackson Heights, New York",2017-12-11T13:54:49-05:00,2017-12-11T20:06:46-05:00,22317,40.750678,-73.888228,,
12/13/17,Place in New York,2017-12-13T12:10:54-05:00,2017-12-13T13:34:11-05:00,4997,40.763942,-73.976157,,
12/13/17,Place in New York,2017-12-13T13:40:11-05:00,2017-12-13T13:46:57-05:00,406,40.760718,-73.975752,,
12/13/17,Place in New York,2017-12-13T13:52:39-05:00,2017-12-13T15:18:17-05:00,5138,40.752801,-73.981626,,
12/13/17,"Place in Jackson Heights, New York",2017-12-13T16:38:50-05:00,2017-12-14T00:00:00-05:00,26470,40.750678,-73.888228,,
12/14/17,"Place in Jackson Heights, New York",2017-12-14T00:00:00-05:00,2017-12-14T07:54:28-05:00,28468,40.750678,-73.888228,,
12/14/17,Place in New York,2017-12-14T08:14:09-05:00,2017-12-14T09:30:56-05:00,4607,40.763955,-73.976673,,
12/14/17,Place in New York,2017-12-14T09:35:29-05:00,2017-12-14T15:27:04-05:00,21095,40.76105,-73.977212,,
12/14/17,"Place in Jackson Heights, New York",2017-12-14T15:48:42-05:00,2017-12-14T15:59:06-05:00,624,40.750067,-73.88842,,
12/14/17,"Place in Jackson Heights, New York",2017-12-14T15:59:06-05:00,2017-12-15T00:00:00-05:00,28854,40.750678,-73.888228,,
12/15/17,"Place in Jackson Heights, New York",2017-12-15T00:00:00-05:00,2017-12-15T05:56:49-05:00,21409,40.750678,-73.888228,,
12/15/17,"Place in SoHo, New York",2017-12-15T06:30:08-05:00,2017-12-15T08:31:50-05:00,7302,40.725592,-74.003882,,
12/15/17,"Place in Greenwich Village, New York",2017-12-15T08:38:17-05:00,2017-12-15T08:41:19-05:00,182,40.729016,-73.998392,,
12/15/17,Place in New York,2017-12-15T09:14:12-05:00,2017-12-15T11:10:46-05:00,6994,40.761424,-73.977653,,
12/15/17,Place in New York,2017-12-15T11:14:51-05:00,2017-12-15T13:10:10-05:00,6919,40.763942,-73.976157,,
12/15/17,"Place in Jackson Heights, New York",2017-12-15T13:29:57-05:00,2017-12-15T13:46:42-05:00,1005,40.748937,-73.889459,,
12/15/17,"Place in Jackson Heights, New York",2017-12-15T13:52:15-05:00,2017-12-15T19:04:10-05:00,18715,40.750538,-73.888632,,
12/15/17,"Place in Jackson Heights, New York",2017-12-15T19:07:54-05:00,2017-12-16T00:00:00-05:00,17526,40.749913,-73.889089,,
12/16/17,"Place in Jackson Heights, New York",2017-12-16T00:00:00-05:00,2017-12-16T09:02:04-05:00,32524,40.749913,-73.889089,,
12/16/17,"Place in Jackson Heights, New York",2017-12-16T09:06:53-05:00,2017-12-16T09:49:55-05:00,2582,40.749454,-73.885061,,
12/16/17,Place in New York,2017-12-16T10:21:21-05:00,2017-12-16T16:04:32-05:00,20591,40.760718,-73.975752,,
12/16/17,"Place in Flatiron District, New York",2017-12-16T16:21:13-05:00,2017-12-16T17:25:32-05:00,3859,40.739695,-73.991065,,
12/16/17,"Place in Flatiron, New York",2017-12-16T17:28:25-05:00,2017-12-16T18:21:35-05:00,3190,40.741939,-73.989659,,
12/16/17,"Place in Jackson Heights, New York",2017-12-16T19:14:23-05:00,2017-12-16T20:52:09-05:00,5866,40.755442,-73.887977,,
12/16/17,"Place in Jackson Heights, New York",2017-12-16T20:57:15-05:00,2017-12-17T00:00:00-05:00,10965,40.750678,-73.888228,,
12/17/17,"Place in Jackson Heights, New York",2017-12-17T00:00:00-05:00,2017-12-17T08:52:39-05:00,31959,40.750678,-73.888228,,
12/17/17,Place in New York,2017-12-17T09:16:27-05:00,2017-12-17T10:34:30-05:00,4683,40.763942,-73.976157,,
12/17/17,"Place in Jackson Heights, New York",2017-12-17T11:01:34-05:00,2017-12-17T12:07:10-05:00,3936,40.749777,-73.883766,,
12/17/17,"Place in Jackson Heights, New York",2017-12-17T12:10:14-05:00,2017-12-17T12:36:31-05:00,1577,40.74784,-73.885631,,
12/17/17,"Place in Jackson Heights, New York",2017-12-17T12:39:38-05:00,2017-12-17T14:26:13-05:00,6395,40.750538,-73.888632,,
12/17/17,"Place in Jackson Heights, New York",2017-12-17T14:38:07-05:00,2017-12-17T19:00:14-05:00,15727,40.750358,-73.888242,,
12/17/17,"Place in Elmhurst, New York",2017-12-17T19:21:30-05:00,2017-12-17T20:52:00-05:00,5430,40.741376,-73.879897,,
12/17/17,"Place in Jackson Heights, New York",2017-12-17T21:02:01-05:00,2017-12-18T00:00:00-05:00,10679,40.750678,-73.888228,,
12/18/17,"Place in Jackson Heights, New York",2017-12-18T00:00:00-05:00,2017-12-18T11:24:30-05:00,41070,40.750678,-73.888228,,
12/18/17,"Place in Chinatown, New York",2017-12-18T11:57:47-05:00,2017-12-18T13:46:11-05:00,6504,40.71911,-73.999951,,
12/18/17,"Place in NoHo, New York",2017-12-18T13:58:25-05:00,2017-12-18T15:21:05-05:00,4960,40.727647,-73.991945,,
12/18/17,"Place in Flatiron, New York",2017-12-18T15:32:17-05:00,2017-12-18T15:42:15-05:00,598,40.734853,-73.99066,,
12/18/17,"Place in Flatiron, New York",2017-12-18T15:46:41-05:00,2017-12-18T16:22:35-05:00,2154,40.736946,-73.989807,,
12/18/17,"Place in Flatiron, New York",2017-12-18T16:24:39-05:00,2017-12-18T16:40:41-05:00,962,40.73833,-73.987712,,
12/18/17,"Place in Flatiron, New York",2017-12-18T16:44:49-05:00,2017-12-18T16:48:15-05:00,206,40.739516,-73.98693,,
12/18/17,"Place in Greenwich Village, New York",2017-12-18T16:54:17-05:00,2017-12-18T19:09:24-05:00,8107,40.728046,-73.998903,,
12/18/17,Place in New York,2017-12-18T19:26:33-05:00,2017-12-18T21:28:24-05:00,7311,40.733737,-73.990142,,
12/18/17,"Place in NoHo, New York",2017-12-18T21:33:18-05:00,2017-12-18T23:21:41-05:00,6503,40.729532,-73.991655,,
12/20/17,"Place in Lincoln Square, New York",2017-12-20T10:53:54-05:00,2017-12-20T13:15:12-05:00,8478,40.771972,-73.984362,,
12/20/17,Place in New York,2017-12-20T13:37:06-05:00,2017-12-20T16:09:33-05:00,9147,40.761097,-73.977651,,
12/20/17,Place in New York,2017-12-20T16:14:04-05:00,2017-12-20T17:43:11-05:00,5347,40.763942,-73.976157,,
12/20/17,"Place in Jackson Heights, New York",2017-12-20T18:12:27-05:00,2017-12-21T00:00:00-05:00,20853,40.750678,-73.888228,,
12/21/17,"Place in Jackson Heights, New York",2017-12-21T00:00:00-05:00,2017-12-21T09:46:02-05:00,35162,40.750678,-73.888228,,
12/21/17,Place in New York,2017-12-21T10:09:29-05:00,2017-12-21T14:00:44-05:00,13875,40.763942,-73.976157,,
12/21/17,"Place in Theatre District, New York",2017-12-21T14:04:09-05:00,2017-12-21T14:19:28-05:00,919,40.761457,-73.97931,,
12/21/17,"Place in Flatiron, New York",2017-12-21T14:56:08-05:00,2017-12-21T15:11:40-05:00,932,40.739393,-73.989474,,
12/21/17,"Place in Flatiron, New York",2017-12-21T15:14:23-05:00,2017-12-21T17:06:06-05:00,6703,40.73679,-73.988908,,
12/21/17,"Place in Jackson Heights, New York",2017-12-21T17:31:36-05:00,2017-12-22T00:00:00-05:00,23304,40.750678,-73.888228,,
12/22/17,"Place in Jackson Heights, New York",2017-12-22T00:00:00-05:00,2017-12-22T05:50:14-05:00,21014,40.750678,-73.888228,,
12/22/17,"Place in SoHo, New York",2017-12-22T06:19:42-05:00,2017-12-22T08:33:48-05:00,8046,40.725592,-74.003882,,
12/22/17,Place in New York,2017-12-22T08:57:59-05:00,2017-12-22T11:13:02-05:00,8103,40.763281,-73.976767,,
12/22/17,Place in New York,2017-12-22T11:13:02-05:00,2017-12-22T12:25:33-05:00,4351,40.763942,-73.976157,,
12/22/17,"Place in Carnegie Hill, New York",2017-12-22T12:50:52-05:00,2017-12-22T15:15:46-05:00,8694,40.783026,-73.959285,,
12/22/17,"Place in Upper East Side, New York",2017-12-22T15:21:43-05:00,2017-12-22T15:32:35-05:00,652,40.779915,-73.955977,,
12/22/17,Place in New York,2017-12-22T15:48:37-05:00,2017-12-22T16:19:58-05:00,1881,40.753646,-73.980905,,
12/22/17,"Place in Jackson Heights, New York",2017-12-22T16:40:44-05:00,2017-12-23T00:00:00-05:00,26356,40.750538,-73.888632,,
12/23/17,"Place in Jackson Heights, New York",2017-12-23T00:00:00-05:00,2017-12-23T11:40:00-05:00,42000,40.750538,-73.888632,,
12/23/17,"Place in SoHo, New York",2017-12-23T12:22:12-05:00,2017-12-23T14:10:40-05:00,6508,40.724836,-73.996103,,
12/23/17,"Place in Financial District, New York",2017-12-23T14:27:20-05:00,2017-12-23T16:18:34-05:00,6674,40.71065,-74.011508,,
12/23/17,"Place in East Village, New York",2017-12-23T16:41:57-05:00,2017-12-23T18:59:42-05:00,8265,40.729238,-73.989071,,
12/23/17,"Place in Jackson Heights, New York",2017-12-23T19:46:34-05:00,2017-12-24T00:00:00-05:00,15206,40.748937,-73.889459,,
12/24/17,"Place in Jackson Heights, New York",2017-12-24T00:00:00-05:00,2017-12-24T10:32:58-05:00,37978,40.748937,-73.889459,,
12/24/17,"Place in Jackson Heights, New York",2017-12-24T10:39:51-05:00,2017-12-24T10:53:41-05:00,830,40.750358,-73.888242,,
12/24/17,"Place in Jackson Heights, New York",2017-12-24T10:53:42-05:00,2017-12-24T11:09:33-05:00,951,40.749158,-73.889244,,
12/25/17,"Place in Flatiron District, New York",2017-12-25T11:21:37-05:00,2017-12-25T12:32:47-05:00,4270,40.739348,-73.990796,,
12/25/17,"Place in East Village, New York",2017-12-25T12:55:02-05:00,2017-12-25T13:15:21-05:00,1219,40.727826,-73.985782,,
12/25/17,"Place in East Village, New York",2017-12-25T13:31:43-05:00,2017-12-25T17:18:04-05:00,13581,40.727802,-73.986319,,
12/25/17,"Place in East Village, New York",2017-12-25T17:21:48-05:00,2017-12-25T18:00:56-05:00,2348,40.724148,-73.987617,,
12/25/17,"Place in Jackson Heights, New York",2017-12-25T18:14:40-05:00,2017-12-26T00:00:00-05:00,20720,40.750935,-73.888847,,
12/26/17,"Place in Jackson Heights, New York",2017-12-26T00:00:00-05:00,2017-12-26T05:56:02-05:00,21362,40.750935,-73.888847,,
12/26/17,"Place in SoHo, New York",2017-12-26T06:25:09-05:00,2017-12-26T08:30:48-05:00,7539,40.725592,-74.003882,,
12/26/17,"Place in Flatiron, New York",2017-12-26T08:47:17-05:00,2017-12-26T09:16:00-05:00,1723,40.741919,-73.99054,,
12/26/17,"Place in Flatiron District, New York",2017-12-26T09:18:30-05:00,2017-12-26T10:25:43-05:00,4033,40.739761,-73.99072,,
12/26/17,"Place in Flatiron, New York",2017-12-26T10:33:18-05:00,2017-12-26T13:35:12-05:00,10914,40.734853,-73.99066,,
12/26/17,"Place in Greenwich Village, New York",2017-12-26T13:45:44-05:00,2017-12-26T14:27:43-05:00,2519,40.738454,-73.99994,,
12/26/17,Place in Flushing,2017-12-26T14:44:23-05:00,2017-12-26T16:21:23-05:00,5820,40.759807,-73.82892,,
12/26/17,Place in Flushing,2017-12-26T16:25:02-05:00,2017-12-26T16:57:14-05:00,1932,40.760359,-73.82634,,
12/26/17,"Place in Jackson Heights, New York",2017-12-26T17:38:09-05:00,2017-12-27T00:00:00-05:00,22911,40.75098,-73.888307,,
12/27/17,"Place in Jackson Heights, New York",2017-12-27T00:00:00-05:00,2017-12-27T06:09:37-05:00,22177,40.75098,-73.888307,,
12/27/17,"Place in SoHo, New York",2017-12-27T06:26:17-05:00,2017-12-27T08:10:13-05:00,6236,40.725592,-74.003882,,
12/27/17,Place in New York,2017-12-27T08:38:57-05:00,2017-12-27T11:15:05-05:00,9368,40.761661,-73.977211,,
12/27/17,Place in New York,2017-12-27T11:18:28-05:00,2017-12-27T12:32:32-05:00,4444,40.763942,-73.976157,,
12/27/17,"Place in Jackson Heights, New York",2017-12-27T12:55:30-05:00,2017-12-28T00:00:00-05:00,39870,40.750678,-73.888228,,
12/28/17,"Place in Jackson Heights, New York",2017-12-28T00:00:00-05:00,2017-12-28T05:55:29-05:00,21329,40.750678,-73.888228,,
12/28/17,"Place in SoHo, New York",2017-12-28T06:35:46-05:00,2017-12-28T08:10:29-05:00,5683,40.725592,-74.003882,,
12/28/17,"Place in Flatiron District, New York",2017-12-28T08:35:38-05:00,2017-12-28T10:18:10-05:00,6152,40.738453,-73.993618,,
12/28/17,"Place in Flatiron District, New York",2017-12-28T10:21:27-05:00,2017-12-28T11:27:22-05:00,3955,40.739348,-73.990796,,
12/28/17,"Place in North Side, Brooklyn",2017-12-28T11:57:31-05:00,2017-12-28T13:20:23-05:00,4972,40.714198,-73.955689,,
12/28/17,"Place in Williamsburg, Brooklyn",2017-12-28T13:26:20-05:00,2017-12-28T15:05:39-05:00,5959,40.713772,-73.9594,,
12/28/17,"Place in Jackson Heights, New York",2017-12-28T15:54:28-05:00,2017-12-28T16:24:35-05:00,1807,40.746477,-73.890381,,
12/28/17,"Place in Jackson Heights, New York",2017-12-28T16:29:18-05:00,2017-12-29T00:00:00-05:00,27042,40.75098,-73.888307,,
12/29/17,"Place in Jackson Heights, New York",2017-12-29T00:00:00-05:00,2017-12-29T05:55:14-05:00,21314,40.75098,-73.888307,,
12/29/17,"Place in SoHo, New York",2017-12-29T06:22:58-05:00,2017-12-29T09:12:46-05:00,10188,40.725592,-74.003882,,
12/30/17,"Place in Jackson Heights, New York",2017-12-30T09:57:57-05:00,2017-12-30T10:38:41-05:00,2444,40.74732,-73.890417,,
12/30/17,"Place in Jackson Heights, New York",2017-12-30T10:42:01-05:00,2017-12-30T11:01:10-05:00,1149,40.749424,-73.888182,,
12/30/17,"Place in Jackson Heights, New York",2017-12-30T11:08:40-05:00,2017-12-30T12:37:38-05:00,5338,40.749531,-73.887654,,
12/30/17,"Place in Jackson Heights, New York",2017-12-30T12:45:26-05:00,2017-12-30T14:46:10-05:00,7244,40.75098,-73.888307,,
12/30/17,"Place in Flatiron District, New York",2017-12-30T15:19:46-05:00,2017-12-30T16:29:43-05:00,4197,40.739761,-73.99072,,
12/30/17,"Place in Flatiron, New York",2017-12-30T16:32:57-05:00,2017-12-30T16:51:14-05:00,1097,40.737564,-73.992215,,
12/30/17,"Place in Greenwich Village, New York",2017-12-30T16:57:54-05:00,2017-12-30T19:51:01-05:00,10387,40.734467,-73.991523,,
12/30/17,"Place in Greenwich Village, New York",2017-12-30T19:59:43-05:00,2017-12-30T20:10:51-05:00,668,40.737033,-73.997935,,
12/30/17,"Place in Greenwich Village, New York",2017-12-30T20:13:01-05:00,2017-12-30T20:55:51-05:00,2570,40.728046,-73.998903,,
12/30/17,"Place in Jackson Heights, New York",2017-12-30T21:16:14-05:00,2017-12-31T00:00:00-05:00,9826,40.749913,-73.889089,,
12/31/17,"Place in Jackson Heights, New York",2017-12-31T00:00:00-05:00,2017-12-31T14:30:01-05:00,52201,40.749913,-73.889089,,
1/1/18,"Place in Jackson Heights, New York",2018-01-01T01:05:03-05:00,2018-01-01T10:51:54-05:00,35211,40.75098,-73.888307,,
1/1/18,Place in New York,2018-01-01T11:12:37-05:00,2018-01-01T12:46:19-05:00,5622,40.763955,-73.976673,,
1/1/18,"Place in Carroll Gardens, Brooklyn",2018-01-01T13:06:10-05:00,2018-01-01T16:59:26-05:00,13996,40.676279,-73.998769,,
1/1/18,"Place in Greenwich Village, New York",2018-01-01T17:09:11-05:00,2018-01-01T18:37:31-05:00,5300,40.728046,-73.998903,,
1/1/18,"Place in Jackson Heights, New York",2018-01-01T19:26:54-05:00,2018-01-01T19:32:23-05:00,329,40.747161,-73.891718,,
1/1/18,"Place in Jackson Heights, New York",2018-01-01T19:43:34-05:00,2018-01-02T00:00:00-05:00,15386,40.75098,-73.888307,,
1/1/18,"Place in Jackson Heights, New York",2018-01-01T01:05:03-05:00,2018-01-01T10:51:54-05:00,35211,40.75098,-73.888307,,
1/1/18,Place in New York,2018-01-01T11:12:37-05:00,2018-01-01T12:46:19-05:00,5622,40.763955,-73.976673,,
1/1/18,"Place in Carroll Gardens, Brooklyn",2018-01-01T13:06:10-05:00,2018-01-01T16:59:26-05:00,13996,40.676279,-73.998769,,
1/1/18,"Place in Greenwich Village, New York",2018-01-01T17:09:11-05:00,2018-01-01T18:37:31-05:00,5300,40.728046,-73.998903,,
1/1/18,"Place in Jackson Heights, New York",2018-01-01T19:26:54-05:00,2018-01-01T19:32:23-05:00,329,40.747161,-73.891718,,
1/1/18,"Place in Jackson Heights, New York",2018-01-01T19:43:34-05:00,2018-01-02T00:00:00-05:00,15386,40.75098,-73.888307,,
1/2/18,"Place in Jackson Heights, New York",2018-01-02T00:00:00-05:00,2018-01-02T06:46:22-05:00,24382,40.75098,-73.888307,,
1/3/18,Place in New York,2018-01-03T12:13:18-05:00,2018-01-04T00:00:00-05:00,42402,40.763942,-73.976157,,
1/4/18,Place in New York,2018-01-04T00:00:00-05:00,2018-01-04T05:27:15-05:00,19635,40.763942,-73.976157,,
1/5/18,"Place in SoHo, New York",2018-01-05T05:50:55-05:00,2018-01-05T09:00:58-05:00,11403,40.725592,-74.003882,,
1/5/18,"Place in Jackson Heights, New York",2018-01-05T09:27:03-05:00,2018-01-05T13:52:10-05:00,15907,40.749531,-73.887654,,
1/5/18,"Place in Greenwich Village, New York",2018-01-05T13:56:12-05:00,2018-01-06T00:00:00-05:00,36228,40.728046,-73.998903,,
1/6/18,"Place in Greenwich Village, New York",2018-01-06T00:00:00-05:00,2018-01-06T08:35:35-05:00,30935,40.728046,-73.998903,,
1/6/18,Place in New York,2018-01-06T09:15:34-05:00,2018-01-06T13:38:05-05:00,15751,40.764299,-73.976169,,
1/8/18,"Place in Jackson Heights, New York",2018-01-08T15:46:06-05:00,2018-01-08T16:12:43-05:00,1597,40.750538,-73.888632,,
1/8/18,"Place in Elmhurst, New York",2018-01-08T16:36:26-05:00,2018-01-08T17:06:50-05:00,1824,40.735662,-73.874303,,
1/9/18,"Place in Jackson Heights, New York",2018-01-09T11:58:38-05:00,2018-01-10T00:00:00-05:00,43282,40.749372,-73.88862,,
1/10/18,"Place in Jackson Heights, New York",2018-01-10T00:00:00-05:00,2018-01-10T08:20:30-05:00,30030,40.749372,-73.88862,,
1/10/18,"Place in Upper East Side, New York",2018-01-10T08:47:34-05:00,2018-01-10T10:06:21-05:00,4727,40.762735,-73.965674,,
1/10/18,"Place in Clinton, New York",2018-01-10T10:37:30-05:00,2018-01-10T11:48:50-05:00,4280,40.761818,-74.000724,,
1/10/18,Place in New York,2018-01-10T12:48:18-05:00,2018-01-10T17:55:03-05:00,18405,40.76105,-73.977212,,
1/10/18,"Place in Jackson Heights, New York",2018-01-10T18:35:29-05:00,2018-01-10T19:28:50-05:00,3201,40.746418,-73.894122,,
1/10/18,"Place in Woodside, New York",2018-01-10T19:36:07-05:00,2018-01-10T19:46:07-05:00,600,40.745378,-73.90465,,
1/10/18,"Place in Jackson Heights, New York",2018-01-10T20:01:29-05:00,2018-01-11T00:00:00-05:00,14311,40.75098,-73.888307,,
1/11/18,"Place in Jackson Heights, New York",2018-01-11T00:00:00-05:00,2018-01-11T04:55:26-05:00,17726,40.75098,-73.888307,,
1/11/18,"Place in Queens, New York",2018-01-11T05:00:42-05:00,2018-01-11T05:01:32-05:00,50,40.774252,-73.870706,,
1/11/18,"Place in Queens, New York",2018-01-11T05:04:47-05:00,2018-01-11T05:57:31-05:00,3164,40.774913,-73.874109,,
1/11/18,Place in Eastie-Jeffries Point,2018-01-11T06:52:38-05:00,2018-01-11T07:21:17-05:00,1719,42.36041,-71.019711,,
1/11/18,"Place in Massachusetts Institute of Technology, Cambridge",2018-01-11T08:02:03-05:00,2018-01-11T08:05:16-05:00,193,42.361079,-71.087212,,
1/11/18,"Place in Greenwich Village, New York",2018-01-11T08:11:46-05:00,2018-01-11T18:42:47-05:00,37861,40.728046,-73.998903,,
1/11/18,Place in Eastie-Jeffries Point,2018-01-11T18:58:42-05:00,2018-01-11T19:47:11-05:00,2909,42.366541,-71.016604,,
1/13/18,"Place in Flatiron District, New York",2018-01-13T08:58:43-05:00,2018-01-13T09:07:47-05:00,544,40.740304,-73.990912,,
1/13/18,"Place in Flatiron District, New York",2018-01-13T09:20:56-05:00,2018-01-13T10:43:51-05:00,4975,40.738176,-73.992374,,
1/13/18,"Place in Flatiron, New York",2018-01-13T10:49:51-05:00,2018-01-13T10:53:31-05:00,220,40.736407,-73.990966,,
1/13/18,"Place in Flatiron District, New York",2018-01-13T11:02:57-05:00,2018-01-13T13:58:28-05:00,10531,40.738453,-73.993618,,
1/13/18,"Place in East Village, New York",2018-01-13T14:08:44-05:00,2018-01-13T14:36:32-05:00,1668,40.722851,-73.98815,,
1/13/18,"Place in Greenwich Village, New York",2018-01-13T14:53:12-05:00,2018-01-13T16:32:51-05:00,5979,40.729016,-73.998392,,
1/13/18,"Place in Bedford–Stuyvesant, Brooklyn",2018-01-13T16:49:37-05:00,2018-01-13T16:54:21-05:00,284,40.679943,-73.955547,,
1/13/18,"Place in Crown Heights, Brooklyn",2018-01-13T17:02:06-05:00,2018-01-13T18:31:59-05:00,5393,40.677298,-73.957528,,
1/13/18,"Place in Bowery, New York",2018-01-13T18:55:23-05:00,2018-01-13T20:18:07-05:00,4964,40.721769,-73.991711,,
1/13/18,"Place in Jackson Heights, New York",2018-01-13T21:02:34-05:00,2018-01-14T00:00:00-05:00,10646,40.75098,-73.888307,,
1/14/18,"Place in Jackson Heights, New York",2018-01-14T00:00:00-05:00,2018-01-14T14:05:19-05:00,50719,40.75098,-73.888307,,
1/14/18,"Place in Jackson Heights, New York",2018-01-14T14:11:15-05:00,2018-01-14T14:17:07-05:00,352,40.747898,-73.88717,,
1/14/18,"Place in Jackson Heights, New York",2018-01-14T14:17:07-05:00,2018-01-14T14:43:22-05:00,1575,40.747621,-73.885415,,
1/14/18,"Place in Boerum Hill, Brooklyn",2018-01-14T15:14:18-05:00,2018-01-14T18:26:24-05:00,11526,40.680834,-73.981685,,
1/14/18,Place in Gramercy Park,2018-01-14T18:49:57-05:00,2018-01-14T22:38:03-05:00,13686,40.738363,-73.98579,,
1/14/18,"Place in Jackson Heights, New York",2018-01-14T22:57:23-05:00,2018-01-15T00:00:00-05:00,3757,40.750678,-73.888228,,
1/15/18,"Place in Jackson Heights, New York",2018-01-15T00:00:00-05:00,2018-01-15T12:37:37-05:00,45457,40.750678,-73.888228,,
1/15/18,"Place in Jackson Heights, New York",2018-01-15T12:40:19-05:00,2018-01-15T13:09:35-05:00,1756,40.749777,-73.883766,,
1/15/18,"Place in Jackson Heights, New York",2018-01-15T13:19:28-05:00,2018-01-15T17:39:03-05:00,15575,40.750678,-73.888228,,
1/18/18,"Place in Garment District, New York",2018-01-18T10:19:30-05:00,2018-01-18T10:29:31-05:00,601,40.756944,-73.990455,,
1/18/18,"Place in Theatre District, New York",2018-01-18T10:29:31-05:00,2018-01-18T12:22:21-05:00,6770,40.756532,-73.988569,,
1/18/18,Place in New York,2018-01-18T12:30:55-05:00,2018-01-18T12:43:01-05:00,726,40.755911,-73.980511,,
1/18/18,Place in New York,2018-01-18T12:47:16-05:00,2018-01-18T13:13:05-05:00,1549,40.753646,-73.980905,,
1/18/18,"Place in Jackson Heights, New York",2018-01-18T13:35:40-05:00,2018-01-18T14:10:49-05:00,2109,40.746477,-73.890381,,
1/19/18,Place in Flushing,2018-01-19T17:56:10-05:00,2018-01-19T17:58:46-05:00,156,40.759666,-73.830359,,
1/19/18,Place in Flushing,2018-01-19T18:03:00-05:00,2018-01-19T18:05:59-05:00,179,40.760834,-73.827204,,
1/19/18,Place in Flushing,2018-01-19T18:20:28-05:00,2018-01-19T18:47:48-05:00,1640,40.759716,-73.829577,,
1/19/18,Place in Flushing,2018-01-19T18:51:33-05:00,2018-01-19T20:45:10-05:00,6817,40.759807,-73.82892,,
1/19/18,"Place in Jackson Heights, New York",2018-01-19T21:20:34-05:00,2018-01-20T00:00:00-05:00,9566,40.750678,-73.888228,,
1/20/18,"Place in Jackson Heights, New York",2018-01-20T00:00:00-05:00,2018-01-20T11:11:09-05:00,40269,40.750678,-73.888228,,
1/20/18,"Place in Elmhurst, New York",2018-01-20T11:20:40-05:00,2018-01-20T12:14:04-05:00,3204,40.743549,-73.888158,,
1/20/18,Place in New York,2018-01-20T12:47:20-05:00,2018-01-20T17:01:37-05:00,15257,40.761097,-73.977651,,
1/20/18,"Place in Long Island City, New York",2018-01-20T17:23:39-05:00,2018-01-20T19:18:06-05:00,6867,40.753764,-73.929256,,
1/20/18,"Place in Jackson Heights, New York",2018-01-20T19:41:15-05:00,2018-01-20T20:07:18-05:00,1563,40.7471,-73.892326,,
1/20/18,"Place in Jackson Heights, New York",2018-01-20T20:12:32-05:00,2018-01-21T00:00:00-05:00,13648,40.750358,-73.888242,,
1/21/18,"Place in Jackson Heights, New York",2018-01-21T00:00:00-05:00,2018-01-21T10:31:53-05:00,37913,40.750358,-73.888242,,
1/21/18,Place in New York,2018-01-21T11:16:05-05:00,2018-01-21T14:47:34-05:00,12689,40.76105,-73.977212,,
1/21/18,"Place in Jackson Heights, New York",2018-01-21T15:09:03-05:00,2018-01-21T17:23:52-05:00,8089,40.750538,-73.888632,,
1/21/18,"Place in Jackson Heights, New York",2018-01-21T17:28:07-05:00,2018-01-21T17:54:23-05:00,1576,40.748639,-73.891739,,
1/21/18,"Place in Jackson Heights, New York",2018-01-21T17:58:35-05:00,2018-01-21T19:49:34-05:00,6659,40.750358,-73.888242,,
1/21/18,"Place in Jackson Heights, New York",2018-01-21T19:54:30-05:00,2018-01-21T21:30:37-05:00,5767,40.747788,-73.891244,,
1/21/18,"Place in Jackson Heights, New York",2018-01-21T21:36:32-05:00,2018-01-22T00:00:00-05:00,8608,40.749696,-73.88821,,
1/22/18,"Place in Jackson Heights, New York",2018-01-22T00:00:00-05:00,2018-01-22T08:37:54-05:00,31074,40.749696,-73.88821,,
1/22/18,"Place in Flatiron District, New York",2018-01-22T09:14:24-05:00,2018-01-22T13:06:09-05:00,13905,40.73814,-73.992942,,
1/22/18,"Place in Flatiron District, New York",2018-01-22T13:12:26-05:00,2018-01-22T16:32:03-05:00,11977,40.738637,-73.993908,,
1/22/18,"Place in North Side, Brooklyn",2018-01-22T17:09:48-05:00,2018-01-22T18:35:01-05:00,5113,40.720498,-73.962805,,
1/22/18,"Place in North Side, Brooklyn",2018-01-22T18:48:04-05:00,2018-01-22T19:35:51-05:00,2867,40.718093,-73.952311,,
1/22/18,"Place in Jackson Heights, New York",2018-01-22T19:49:05-05:00,2018-01-22T21:44:02-05:00,6897,40.750678,-73.888228,,
1/22/18,"Place in LeFrak City, New York",2018-01-22T21:54:07-05:00,2018-01-23T00:00:00-05:00,7553,40.727973,-73.863096,,
1/23/18,"Place in LeFrak City, New York",2018-01-23T00:00:00-05:00,2018-01-23T00:05:58-05:00,358,40.727973,-73.863096,,
1/23/18,"Place in Elmhurst, New York",2018-01-23T00:21:22-05:00,2018-01-23T00:41:25-05:00,1203,40.745634,-73.878966,,
1/23/18,"Place in Elmhurst, New York",2018-01-23T00:49:56-05:00,2018-01-23T01:11:43-05:00,1307,40.746908,-73.877435,,
1/23/18,"Place in LeFrak City, New York",2018-01-23T01:59:36-05:00,2018-01-23T02:31:56-05:00,1940,40.728205,-73.863452,,
1/23/18,"Place in Jackson Heights, New York",2018-01-23T02:47:01-05:00,2018-01-23T09:14:17-05:00,23236,40.75098,-73.888307,,
1/23/18,"Place in Chelsea, New York",2018-01-23T09:35:49-05:00,2018-01-23T14:27:38-05:00,17509,40.742327,-74.004263,,
1/26/18,"Place in Elmhurst, New York",2018-01-26T17:35:42-05:00,2018-01-26T18:10:43-05:00,2101,40.743352,-73.883143,,
1/26/18,"Place in Jackson Heights, New York",2018-01-26T18:35:00-05:00,2018-01-26T19:25:33-05:00,3033,40.747611,-73.882077,,
1/26/18,"Place in Jackson Heights, New York",2018-01-26T20:16:49-05:00,2018-01-27T00:00:00-05:00,13391,40.750678,-73.888228,,
1/27/18,"Place in Jackson Heights, New York",2018-01-27T00:00:00-05:00,2018-01-27T07:58:12-05:00,28692,40.750678,-73.888228,,
1/27/18,"Place in Jackson Heights, New York",2018-01-27T08:02:05-05:00,2018-01-27T08:11:57-05:00,592,40.747608,-73.884709,,
1/27/18,Place in Flushing,2018-01-27T08:32:52-05:00,2018-01-27T09:36:35-05:00,3823,40.758852,-73.830426,,
1/27/18,Place in New York,2018-01-27T10:24:23-05:00,2018-01-27T16:49:14-05:00,23091,40.76105,-73.977212,,
1/27/18,"Place in Long Island City, New York",2018-01-27T17:24:55-05:00,2018-01-27T18:23:08-05:00,3493,40.755864,-73.928166,,
1/27/18,"Place in Long Island City, New York",2018-01-27T18:29:55-05:00,2018-01-27T20:47:16-05:00,8241,40.754887,-73.923777,,
1/27/18,"Place in Jackson Heights, New York",2018-01-27T20:58:34-05:00,2018-01-28T00:00:00-05:00,10886,40.750678,-73.888228,,
1/28/18,"Place in Jackson Heights, New York",2018-01-28T00:00:00-05:00,2018-01-28T09:15:52-05:00,33352,40.750678,-73.888228,,
1/28/18,Place in BoCoCa,2018-01-28T10:13:39-05:00,2018-01-28T11:25:45-05:00,4326,40.683955,-73.995004,,
1/28/18,"Place in Carroll Gardens, Brooklyn",2018-01-28T11:38:19-05:00,2018-01-28T12:47:49-05:00,4170,40.676701,-73.998355,,
1/28/18,"Place in Jackson Heights, New York",2018-01-28T13:49:27-05:00,2018-01-28T16:44:12-05:00,10485,40.75052,-73.887831,,
1/28/18,Place in Flushing,2018-01-28T17:36:52-05:00,2018-01-28T20:04:26-05:00,8854,40.759412,-73.829365,,
1/28/18,"Place in Jackson Heights, New York",2018-01-28T20:28:15-05:00,2018-01-29T00:00:00-05:00,12705,40.750678,-73.888228,,
1/29/18,"Place in Jackson Heights, New York",2018-01-29T00:00:00-05:00,2018-01-29T09:28:35-05:00,34115,40.750678,-73.888228,,
1/29/18,Place in New York,2018-01-29T10:32:34-05:00,2018-01-29T11:48:52-05:00,4578,40.76105,-73.977212,,
1/29/18,Place in New York,2018-01-29T11:54:41-05:00,2018-01-29T12:16:11-05:00,1290,40.757917,-73.979357,,
1/29/18,Place in New York,2018-01-29T12:19:49-05:00,2018-01-29T16:26:20-05:00,14791,40.76105,-73.977212,,
1/29/18,"Place in North Side, Brooklyn",2018-01-29T16:48:34-05:00,2018-01-29T17:01:49-05:00,795,40.717109,-73.958744,,
1/29/18,"Place in North Side, Brooklyn",2018-01-29T17:08:49-05:00,2018-01-29T18:50:57-05:00,6128,40.720144,-73.962879,,
1/29/18,"Place in Jackson Heights, New York",2018-01-29T19:34:16-05:00,2018-01-30T00:00:00-05:00,15944,40.75098,-73.888307,,
1/30/18,"Place in Jackson Heights, New York",2018-01-30T00:00:00-05:00,2018-01-30T11:16:10-05:00,40570,40.75098,-73.888307,,
2/1/18,"Place in Jackson Heights, New York",2018-02-01T09:49:32-05:00,2018-02-01T10:45:44-05:00,3372,40.747212,-73.891358,,
2/1/18,Place in New York,2018-02-01T10:54:09-05:00,2018-02-01T14:16:50-05:00,12161,40.760692,-73.977293,,
2/1/18,Place in New York,2018-02-01T14:27:46-05:00,2018-02-01T15:12:29-05:00,2683,40.753304,-73.980383,,
2/1/18,"Place in Jackson Heights, New York",2018-02-01T15:56:55-05:00,2018-02-01T16:12:33-05:00,938,40.748937,-73.889459,,
2/1/18,"Place in Jackson Heights, New York",2018-02-01T16:19:20-05:00,2018-02-02T00:00:00-05:00,27640,40.750678,-73.888228,,
2/2/18,"Place in Jackson Heights, New York",2018-02-02T00:00:00-05:00,2018-02-02T10:52:53-05:00,39173,40.750678,-73.888228,,
2/2/18,"Place in Jackson Heights, New York",2018-02-02T14:16:33-05:00,2018-02-02T14:37:58-05:00,1285,40.746477,-73.890381,,
2/2/18,"Place in Jackson Heights, New York",2018-02-02T14:41:48-05:00,2018-02-03T00:00:00-05:00,33492,40.75098,-73.888307,,
2/3/18,"Place in Jackson Heights, New York",2018-02-03T00:00:00-05:00,2018-02-03T13:07:57-05:00,47277,40.75098,-73.888307,,
2/3/18,"Place in Jackson Heights, New York",2018-02-03T13:32:45-05:00,2018-02-03T13:40:14-05:00,449,40.756035,-73.881,,
2/3/18,"Place in Elmhurst, New York",2018-02-03T14:08:48-05:00,2018-02-03T15:36:35-05:00,5267,40.74368,-73.887339,,
2/4/18,"Place in Jackson Heights, New York",2018-02-04T11:39:43-05:00,2018-02-04T15:17:27-05:00,13064,40.750678,-73.888228,,
2/4/18,"Place in Jackson Heights, New York",2018-02-04T15:20:10-05:00,2018-02-04T16:22:02-05:00,3712,40.74732,-73.890417,,
2/4/18,"Place in Jackson Heights, New York",2018-02-04T16:33:54-05:00,2018-02-05T00:00:00-05:00,26766,40.749696,-73.88821,,
2/5/18,"Place in Jackson Heights, New York",2018-02-05T00:00:00-05:00,2018-02-05T06:32:21-05:00,23541,40.749696,-73.88821,,
2/7/18,"Place in Jackson Heights, New York",2018-02-07T06:18:14-05:00,2018-02-07T10:25:52-05:00,14858,40.750538,-73.888632,,
2/7/18,"Place in Carroll Gardens, Brooklyn",2018-02-07T11:28:34-05:00,2018-02-07T11:34:17-05:00,343,40.676279,-73.998769,,
2/7/18,"Place in Greenwich Village, New York",2018-02-07T11:36:27-05:00,2018-02-07T12:03:18-05:00,1611,40.728046,-73.998903,,
2/7/18,Place in BoCoCa,2018-02-07T12:12:59-05:00,2018-02-07T13:31:09-05:00,4690,40.683955,-73.995004,,
2/7/18,"Place in Carroll Gardens, Brooklyn",2018-02-07T13:38:46-05:00,2018-02-07T13:47:04-05:00,498,40.676279,-73.998769,,
2/11/18,Place in Weymouth,2018-02-11T23:59:45-05:00,2018-02-12T00:00:00-05:00,15,42.215933,-70.930749,,
2/12/18,Place in Weymouth,2018-02-12T00:00:00-05:00,2018-02-12T07:56:17-05:00,28577,42.215933,-70.930749,,
2/12/18,"Place in Massachusetts Institute of Technology, Cambridge",2018-02-12T08:44:01-05:00,2018-02-12T21:16:02-05:00,45121,42.36262,-71.086973,,
2/13/18,"Place in Massachusetts Institute of Technology, Cambridge",2018-02-13T08:50:32-05:00,2018-02-13T08:54:59-05:00,267,42.360668,-71.087127,,
2/13/18,"Place in Massachusetts Institute of Technology, Cambridge",2018-02-13T08:59:00-05:00,2018-02-13T11:57:39-05:00,10719,42.360668,-71.087127,,
2/13/18,"Place in Back Bay West, Boston",2018-02-13T12:05:13-05:00,2018-02-13T12:05:14-05:00,1,42.349045,-71.084454,,
2/13/18,"Place in Back Bay West, Boston",2018-02-13T12:08:58-05:00,2018-02-13T20:52:04-05:00,31386,42.348162,-71.087576,,
2/13/18,Place in Quincy,2018-02-13T23:45:14-05:00,2018-02-14T00:00:00-05:00,886,42.229092,-71.010024,,
2/14/18,Place in Quincy,2018-02-14T00:00:00-05:00,2018-02-14T22:44:29-05:00,81869,42.229092,-71.010024,,
2/15/18,"Place in Massachusetts Institute of Technology, Cambridge",2018-02-15T08:18:09-05:00,2018-02-15T14:41:22-05:00,22993,42.361194,-71.087552,,
2/15/18,"Place in North End, Boston",2018-02-15T15:18:54-05:00,2018-02-15T22:11:08-05:00,24734,42.363295,-71.056072,,
2/16/18,Place in South Yarmouth,2018-02-16T12:23:13-05:00,2018-02-16T14:54:36-05:00,9083,41.667281,-70.185704,,
2/16/18,Place in Truro,2018-02-16T16:37:37-05:00,2018-02-16T16:41:24-05:00,227,41.994678,-70.048982,,
2/16/18,Place in Truro,2018-02-16T17:11:59-05:00,2018-02-16T17:15:51-05:00,232,42.001789,-70.023305,,
2/16/18,Place in Dennis Port,2018-02-16T18:33:09-05:00,2018-02-16T19:33:54-05:00,3645,41.666291,-70.126075,,
2/16/18,Place in Weymouth,2018-02-16T21:39:37-05:00,2018-02-17T00:00:00-05:00,8423,42.215933,-70.930749,,
2/17/18,Place in Weymouth,2018-02-17T00:00:00-05:00,2018-02-17T13:58:13-05:00,50293,42.215933,-70.930749,,
2/17/18,Place in Uncasville,2018-02-17T13:58:13-05:00,2018-02-17T14:08:42-05:00,629,41.484085,-72.099121,,
2/18/18,"Place in Jackson Heights, New York",2018-02-18T07:00:31-05:00,2018-02-18T08:41:27-05:00,6056,40.750974,-73.887904,,
2/18/18,Place in BoCoCa,2018-02-18T09:09:12-05:00,2018-02-18T09:11:12-05:00,120,40.686769,-73.99377,,
2/18/18,Place in BoCoCa,2018-02-18T09:15:01-05:00,2018-02-18T14:01:07-05:00,17166,40.683955,-73.995004,,
2/18/18,"Place in Jackson Heights, New York",2018-02-18T15:11:23-05:00,2018-02-19T00:00:00-05:00,31717,40.748937,-73.889459,,
2/19/18,"Place in Jackson Heights, New York",2018-02-19T00:00:00-05:00,2018-02-19T01:56:01-05:00,6961,40.748937,-73.889459,,
